학부,제목,링크,내용,작성일
지구환경과학부 지질환경전공,사학연금공단 2025학년도 1학기 대학생 현장실습학기제 실습생 모집 안내,https://geology.jnu.ac.kr/bbs/geology/2871/906625/artclView.do,"우리 대학 학생들의 산업 현장에 대한 이해 증진 및 진로 탐색을 위한 「사학연금공단 2025학년도 1학기 대학생 현장실습학기제」 모집을 아래와 같이 안내하오니관심있는 학생은 2025. 1. 22.(수) 18:00까지 학과실로 연락 바랍니다.1. 실습기업(관)명: 사학연금공단2. 모집인원: 총 7명3. 실습기간: 2025. 03. 04.(월)   2025. 07. 10.(목) [18주]4. 모집안내  가. 지원자격: 3,4학년 재학생  나. 선발 및 추천기준    - 성적(80점) 및 자기계발활동기록부 점수(20점)을 합산하여 고득점",2025-01-21 10:27:44.0
지구환경과학부 지질환경전공,2025년 서울런 멘토단 참여 신청 안내,https://geology.jnu.ac.kr/bbs/geology/2871/906473/artclView.do,"서울시에서 청소년의 체계적 학습 지원 및 대학생 인재의 지식나눔 기회 제공을 위하여 추진하는 2025년 서울런 멘토단에 참여하고자 하는 학생을 모집하오니, 참여를 희망하는 학생은 '25.1.20.(월) 14:00까지 학과실로 서류를 제출하여 주시기 바랍니다.가. 활동명: 2025년 서울런 멘토단나. 활동기간: '25.3.~'26.2.다. 활동내용:  서울런  수강생을 대상으로 1:1 학습관리 및 상담라. 지원자격: (비대면) 전국 대학(원)생, (대면) 수도권 대학(원)생 ※ 휴학생 포함마. 선발조건: (필수) 직전 학기 학점 C+",2025-01-17 17:40:39.0
지구환경과학부 지질환경전공,외국인 유학생을 위한 심리상담 서비스 안내,https://geology.jnu.ac.kr/bbs/geology/2871/906134/artclView.do,"학생생활상담센터에서는 2024년 11월부터 현재까지 외국인 유학생을 위한 1:1 비대면 심리상담 서비스를 영어로 제공하고 있습니다.2025년 1월부터는 한국어와 영어에 능통하지 않은 외국인 유학생에게 심리적 위기 상황이 발생할 때를 대비하여 광주북구가족센터를 포함하여 지역사회 관련 기관으로부터 필리핀어, 몽골어, 베트남어, 중국어, 캄보디아어 등 다양한 언어 통역 지원을 받아 외국인 유학생의 심리적 위기에 대처하고 안정화될 수 있도록 지원하고자 합니다.심리상담을 희망하는 외국인 유학생(재학 중인 학부생 및 대학원생)은 참고하여 하단",2025-01-15 10:10:18.0
지구환경과학부 지질환경전공,2025학년도 2학기 해외 파견 교환학생 선발 안내,https://geology.jnu.ac.kr/bbs/geology/2871/905865/artclView.do,"2025학년도 2학기 해외 파견 교환학생을 다음과 같이 선발합니다. 가. 파견대학 및 선발 예정인원: 23개국 59개교 177명  - 이 중 22개국 48개 대학은 대학원생 지원 가능 (엑셀파일에 별도 표기됨)  - 일본, 중국은 2차 모집 시 지원 가능나. 파견기간: 2025년 7월 ~ 2026년 5월 중 (한 학기 또는 1년 파견)다. 추진일정  1) 모집공고 및 신청서 접수:    -1차:  25. 1. 6.(월) ~ 1. 20.(월)    -2차:  25. 2. 17.(월) ~ 3. 4.(화)  2) 선발시험(외국어 구술 및",2025-01-13 10:03:28.0
지구환경과학부 지질환경전공,재학생 대상 「2024년 영어학습센터 1:1 무료 코칭」안내,https://geology.jnu.ac.kr/bbs/geology/2871/904093/artclView.do,"언어교육원에서는 우리 대학 학부 재학생의 자기주도 영어학습 성과 제고를 위해 영어학습센터 1:1 코칭 서비스를 다음과 같이 무료로 진행하고 있습니다. 관심있는 학생들의 많은 참여 바랍니다.1. 목적 및 배경  가. 재학생 자기주도 영어학습 성과 제고를 위한 학습 지원 서비스 강화  나. 자기주도적 학습 역량 강화에 따른 영어 의사소통능력 함양2. 운영일정: 2024. 12. 20.(금) ~ 2025. 2. 21.(금) (상시 운영)3. 운영내용: 개인별 맞춤형 1:1 무료 코칭               (영역: 원어민 말하기, 원어",2024-12-24 08:58:38.0
지구환경과학부 지질환경전공,2025년 삼성드림클래스 대학생멘토 모집 안내,https://geology.jnu.ac.kr/bbs/geology/2871/903339/artclView.do,"삼성드림클래스에서는 중학생들의 롤모델로서 우수한 역량과 봉사정신을 겸비한 대학생멘토를 선발하여 운영하고 있으니, 관심 있는 학생들의 많은 지원 바랍니다.붙임 1. (공고문) 2025년 삼성드림클래스 대학생멘토 선발 공고 1부.       2. (포스터) 2025년 삼성드림클래스 대학생멘토 선발 공고 1부. 끝.",2024-12-18 09:35:42.0
지구환경과학부 지질환경전공,2025학년도 2학기 국제인턴(델라웨어주립대-디즈니) 프로그램 참가 안내,https://geology.jnu.ac.kr/bbs/geology/2871/902180/artclView.do,우리 대학 학생들의 국제적 현장 실무 감각 및 업무 수행 능력 증진을 위한 2025학년도 2학기 미국 델라웨어주립대-디즈니 프로그램 참가자를 모집하오니 관심있는 학생들은 신청하여 주시기 바랍니다. 1. 파견기간: 2025학년도 2학기 (2025. 7. 8. ~ 2026. 1. 15.)2. 파견기관: 미국 델라웨어주립대(Delaware State University) 및 디즈니 월드 리조트3. 프로그램 내용: 미국 델라웨어주립대 단기 강의 수강 및 디즈니 월드 리조트 인턴십4. 추진일정  가. 접수마감: 2024. 12. 22.(일),2024-12-09 16:53:33.0
지구환경과학부 지질환경전공,2024학년도 전남대 학생 후생복지시설 만족도 실시 안내,https://geology.jnu.ac.kr/bbs/geology/2871/901116/artclView.do,"우리 대학 학생 후생복지시설의 개선을 위하여 「2024학년도 전남대 학생 후생복지시설 만족도 조사」를 다음과 같이 실시하오니 참여하여 주시기 바랍니다.가. 조사기간: 2024. 11. 25.(월) ~ 12. 6.(금)나. 조사대상: 전남대학교 소속 교직원 및 학생다. 조사내용: 전남대 후생복지시설(구내식당, 카페, 편의점, 문구점) 이용자 만족도라. 참여방법: 온라인 설문조사 참여 또는 전남대 홈페이지 공지사항마. 참여주소: https://forms.gle/84BhTQE76S8HTikAA",2024-11-25 11:22:27.0
지구환경과학부 지질환경전공,2025년도 「꿈 실현금 인생학교」 대학생 멘토 모집 안내,https://geology.jnu.ac.kr/bbs/geology/2871/900650/artclView.do,"재단법인 전남미래교육재단은 전라남도교육청 출자 출연 기관으로 도내 재학 중인 초, 중, 고등학생을 대상으로 「꿈 실현금」을 지원하는 장학사업을 하고 있습니다.또한, 학생들이 「꿈 실현금」을 자기주도적으로 사용하도록 「꿈 실현 인생학교」 프로그램을 운영하고 있습니다. 이에 실질적인 도움을 줄 수 있는  꿈 실현  대학생 멘토를 다음과 같이 모집하고자 하오니 학부생 및 대학원생 여러분들의 많은 관심과 참여 바랍니다. 가. 프로그램 개요1) 프로그램명: 2025년도 「꿈 실현금 인생학교」2) 운영 기간: 2025. 1. ~ 2026. 1",2024-11-20 09:37:56.0
지구환경과학부 지질환경전공,[광주전남 지역혁신플랫폼 대학교육혁신본부] 지역자원 기반 창업역량 강화 캠프모집 안내,https://geology.jnu.ac.kr/bbs/geology/2871/898790/artclView.do,광주전남 지역혁신플랫폼이 지원하고 전남대학교 경영대학에서 주관하는  지역 자원 기반 창업역량 강화 캠프  프로그램을 운영하오니창업에 관심있는 학생들은 참여하여 주시기 바랍니다. 1. 모집기간: 2024년 10.19(토) ~ 10.29(화)2. 접수방법: 온라인접수(e-mail:ose1311@jnu.ac.kr)3. 모집대상: 광주전남 지역혁신플랫폼 참여대학 15개교 재학생4. 장    소: 금호화순스파리조트5. 추진기간: 2024.11.01.(금) ~ 2024.11.02.(토)6. 참 가 비: 무료7. 문    의: 전남대학교 경영대,2024-10-28 09:29:07.0
지구환경과학부 지질환경전공,2024학년도 동계 5만기행 단기 탐방 프로그램 참가자 모집 안내,https://geology.jnu.ac.kr/bbs/geology/2871/897127/artclView.do,"UN의 지속가능한발전목표(SDGs) 17개를 중심으로 본교생이 자발적으로 기획한 주제에 따라 체험, 탐방 학습의 기회를 제공하고 글로컬 우수 인재로 양성하고자 2024학년도  동계 「5만기행(五萬起行)」 프로그램 참가자를 모집하오니 학생들의 많은 참여 바랍니다   1. 참가대상: 지난 10년간 해외 방문 경험이 없는 본교 학부 및 대학원 재학생2. 내    용: 학생이 직접 기획하여 2024 동계 방학 기간 아시아 내 국가 탐방3. 접수방법: 성장마루 접수 (https://grow.jnu.ac.kr/ko/)4. 선발인원: 총 100",2024-10-07 18:29:36.0
지구환경과학부 지질환경전공,「2024 전남대학교 지역봉사」 참여학생 모집 안내,https://geology.jnu.ac.kr/bbs/geology/2871/896047/artclView.do,인구감소로 인해 어려움을 겪는 농어촌 지역에 일손돕기를 지원하는 「2024년 전남대학교 농어촌 지역봉사」에 많은 학생들의 참여 바랍니다.가. 사 업 명: 2024 전남대학교 지역봉사 활동나. 활동 기간: 2024. 10.10.(목) ~ 2024. 10.12.(토) [2박3일]다. 참가인원: 학부 재학생 25명라. 활동 지역: 전남 고흥군마. 신청 기간 및 방법  - 기간: 2024. 9. 20.(금)~9. 26.(목)  - 방법: 지원서(붙임1)신청서 작성후 학생과 담당자 메일 제출(cube@jnu.ac.kr)붙임 2024 전남대학,2024-09-23 14:24:30.0
지구환경과학부 지질환경전공,2024학년도 2학기 CNU 학습공동체 공모 안내,https://geology.jnu.ac.kr/bbs/geology/2871/894289/artclView.do,"교육혁신본부에서는 대학생 간 협력학습을 통한 학습역량 강화를 목적으로 운영하는 「CNU 학습공동체」의 참여자를 모집합니다. 많은 학생들의 관심과 참여 바랍니다. 가. 신청 기간: 2024년 9월 2일(월)~9월 12일(목) 오후 4시나. 신청 대상: 광주캠퍼스 대학생다. 신청 형태  1) 유형1(자율형): 대학생 3~5명, 모둠을 형성하여 신청  2) 유형2(지원형): 대학생 1명, 개인으로 신청    ※ 개인으로 신청한 경우 공모 마감 후 개인 신청자 중 모둠 형성 지원라. 신청 방법: 비교과 통합 플랫폼  성장마루 (https:",2024-09-04 11:08:52.0
지구환경과학부 지질환경전공,2024학년도 2학기 「이뭣고-교학상장」 공모 안내,https://geology.jnu.ac.kr/bbs/geology/2871/894049/artclView.do,"교육혁신본부에서는 재학생의 대학생활 적응력 향상 및 전공과 진로 탐색 기회 제공을 목적으로 운영하는 「이뭣고-교학상장」의 참여 모둠을 공모합니다. 학생들의 많은 관심과 참여 바랍니다. 1. 참여대상  가. 캠퍼스: 광주, 여수 캠퍼스  나. 지도교수: 전임교수  다. 참여학생: 본교 재학 중인 대학생 1~4학년2. 모둠구성(1모둠 기준): 교수 1명, 재학생 4~6명 내외3. 모임주제: 재학생의 대학생활 적응, 전공 및 진로에 관해 이해를 돕는 내용4. 공모기간: 2024. 9. 6.(금) ~ 9. 23.(월)5. 신청방법: 비교과",2024-09-03 10:35:19.0
지구환경과학부 지질환경전공,2024년도 하반기 동아리 알림아리 행사 개최 안내,https://geology.jnu.ac.kr/bbs/geology/2871/893959/artclView.do,"2024학년도 2학기 개강을 맞이하여 동아리 알림아리 행사를 다음과 같이 개최하오니, 관심있는 학생들은 참고하여 주시기 바랍니다.1. 기간: 2024.9.4.(수) 10:00~21:302. 장소: 5 18 광장 일대3. 내용: 동아리 홍보 부스 운영 및 버스킹 공연, 용봉 야시장 운영 등4. 참여동아리: 5개분과 59개 동아리5. 주관: 전남대학교 총동아리연합회 붙임 2024년도 하반기 동아리 알림아리 행사내용 1부. 끝.",2024-09-02 16:03:25.0
지구환경과학부 지질환경전공,『대학생이 반드시 지켜야 할 저작권 상식』 안내,https://geology.jnu.ac.kr/bbs/geology/2871/893957/artclView.do,"문화체육관광부와 한국저작권보호원은 그동안 대학가의 출판물 불법복제 근절을 위해 침해 예방 홍보와 단속을 시행하고 있으나, 대학 교내외 복사업체 및 셀프 스캔업체를 통한 대학교재 등 출판물의 불법복제로 「저작권법」 위반사례의 지속적인 발생이 우려되는 상황입니다.대학 내 불법복제물 제작과 불법유통 예방을 위해 학생 및 교직원에 대한 저작권 보호 인식 개선과 교내 복사업체를 통한 교재 불법복사 및 PDF파일 불법 공유 등 저작권 침해 행위가 발생되지 않도록 『대학생이 반드시 지켜야 할 저작권 상식』을 배포하오니 학생들은 숙지하여 주시기",2024-09-02 15:56:54.0
지구환경과학부 지질환경전공,국립대학 육성사업 학생모니터링단 6기 모집 안내,https://geology.jnu.ac.kr/bbs/geology/2871/893893/artclView.do,"전남대학교는 국립대학 경쟁력 및 공적 역할 강화를 통한 지역혁신선도를 목표로 국립대학 육성사업을 수행하고 있습니다. 사업에 대한 대학 구성원 및 지역민의 관심과 참여를 이끌어 내고 나아가 전남대학교의 경쟁력을 강화하는데 함께할 학생모니터링단 6기를 모집합니다. 1. 지원자격: 우리 대학 학부 재학생  ※ 활동 기간 종료까지 재학 상태 유지 필수/활동 기간 중 학적변동(휴학/자퇴/제적/졸업/졸업예정/군휴학 등), 교환학생, 해외파견 등 진행 예정인 경우 지원 불가 2. 모집기간: 2024. 8. 30.(금) ~ 9. 15.(일) 3.",2024-09-02 09:56:01.0
지구환경과학부 지질환경전공,「3단계 산학연협력 선도대학 육성사업단(LINC 3.0)」 외국인 유학생 창업 교육 프로그램 모집 공고,https://geology.jnu.ac.kr/bbs/geology/2871/893584/artclView.do,"『3단계 산학연협력 선도대학 육성사업단(LINC 3.0)』에서는 외국인 유학생 대상 창업 교육 기회를 제공하여 창업 인프라 확충을 도모하고 지역 창업 활성화 및 우수 해외인력 확보를 위해 「외국인 유학생 창업 교육 프로그램」를 운영하고자 하오니 많은 신청 바랍니다.1. 프로그램명: 외국인 유학생 창업 교육 프로그램(RISE LOCALIAN)2. 모집 대상: 창업을 준비하려는 전남대학교 소속 외국인 유학생 30명 내외3. 세부 일정  가. 운영 기간: 2024. 9. 5.(목) ~ 2024. 9. 26.(목), 총 4회차  나. 운영",2024-08-28 16:12:46.0
지구환경과학부 지질환경전공,2024학년도 CNU전공-나눔연계 국외봉사 단원 모집 안내,https://geology.jnu.ac.kr/bbs/geology/2871/893539/artclView.do,"2024학년도 CNU전공-나눔연계 국외봉사 모집에 대하여 안내드리오니 학생들의 많은 참여 바랍니다.구분국제자원활동국제워크캠프파견국가라오스태국, 캄보디아, 인도네시아모집인원12명10명홍보기간'24.8.28.(수) 9.11.(수)'24.9.5.(목) 9.20.(금)접수기간'24.9.9.(월) 9.11.(수)'24.9.13.(금) 9.20.(금)면접일자'24.9.20.(금) 15:00'24.9.27.(금) 15:00최종합격 공고일'24.9.24.(화) 14:00'24.10.2.(수) 14:00 붙임 1. 2024학년도 동계 국제자원활동",2024-08-28 13:39:03.0
지구환경과학부 지질환경전공,2024학년도 2학기 학생건강검진 실시 안내,https://geology.jnu.ac.kr/bbs/geology/2871/892670/artclView.do,"보건진료소에서는 학생 개인의 건강관리를 위하고 대학내 감염병 질환을 예방하기 위해 2024학년도 2학기 학생건강검진을 다음과 같이 실시합니다. 1. 실시기간 : 2024. 8. 26.(월) ~ 9. 13.(금)2. 시간 및 장소  - 보건진료소(제1학생마루 2층) 09:30~11:30, 13:00~16:30    *2학기 건강검진은 광주캠퍼스만 진행합니다.3. 대상자  - 1학기 건강검진 기간에 수검하지 못한 학생 중    가. 재학생    나. 생활관 입주 희망자 중 건강검진이 필요한 학생4. 검진항목 : 기초 체격검사, 혈압,",2024-08-20 14:51:46.0
지구환경과학부 지질환경전공,2024 전남대학교 JOB FESTA 행사 안내,https://geology.jnu.ac.kr/bbs/geology/2871/892663/artclView.do,"우리 대학 재학생 및 졸업생, 지역청년을 대상으로 청년이 선호하는 기업의 직무 및 채용정보를 제공하기 위한 「2024 전남대학교 JOB FESTA」를 아래와 같이 개최하고자 하오니 많은 학생들의 참여 바랍니다. 1. 행 사 명: 2024 전남대학교 JOB FESTA2. 행사일시: 2024. 9. 10.(화) 10:00~17:00 [개회식 11:00]3. 행사장소: 전남대학교 5 18광장 일대4. 행사방법: 대면행사5. 참여대상: 전남대학교 재학생 및 졸업생, 지역청년 2천여명6. 추진규모: 75개 부스 구성(2024 전남대학교 JO",2024-08-20 14:35:35.0
지구환경과학부 지질환경전공,2024학년도 2학기 현장실습교육과정 안내,https://geology.jnu.ac.kr/bbs/geology/2871/889978/artclView.do,우리 대학 학생들의 산업현장에 대한 이해증진 및 진로탐색을 위한 2024학년도 2학기 현장실습 교육과정을 아래와 같이 운영하오니 참고하여 주시기 바랍니다.1. 교과명: 2024학년도 2학기 현장실습교육과정2. 추진일정  가. 실습기업(관) 신청기간: 2024. 07. 29.(월) ~ 08. 02.(금)  나. 학생 신청기간: 2024. 08. 05.(월) ~ 08. 16(금)  다. 현장실습 기간    - 2024. 09. 02.(월) ~ 2024. 11. 29.(금) / 12주(60일)    - 2024. 09. 02.(월) ~,2024-07-11 12:59:46.0
지구환경과학부 지질환경전공,2024학년도 『푸른등대 NH농협은행 대학생 재능봉사 캠프』 멘토(팀) 모집 안내,https://geology.jnu.ac.kr/bbs/geology/2871/878913/artclView.do,"한국장학재단에서 시행하는 『푸른등대 NH농협은행 대학생 재능봉사 캠프』를 다음과 같이 안내해 드리오니 관심있는 학생들은 참여하여 주시기 바랍니다.가. 모집 안내□ 모집 기간: 2024. 5. 21.(화) ~ 6. 4.(화) 18:00까지□ 신청 자격: 모집 공고문(붙임1) 참고□ 지원내용: 활동지원금(1인당 70만 원), 장학금(1인당 최대 150만 원), 활동 확인서□ 신청 방법: 참여 희망 대학생이 자율적으로 팀을 구성하여 온라인 신청(재단 누리집)【멘토(팀) 참여신청 절차】#9312; 재단 누리집을 통해 온라인 참여 신청* ☞",2024-05-22 16:28:06.0
지구환경과학부 지질환경전공,2024년 국립대학 육성사업 ‘대학생 인권 서포터즈’ 모집 안내,https://geology.jnu.ac.kr/bbs/geology/2871/878775/artclView.do,2024년도 국립대학 육성사업  대학생 인권 서포터즈 프로그램 을 다음과 같이 추진하오니 관심있는 학생은 기간 내 신청 바랍니다.가. 사 업 명: 대학생 인권 서포터즈 프로그램  - 사업기간: 2024.05.~2025.02.  - 대    상: 전남대학교 재학생  - 모집인원: 10명  - 신청방법: 온라인 신청(QR코드 및 google 설문지 양식 활용                 * 개별신청링크: https://docs.google.com/forms/d/e/1FAIpQLSdUPoe0xBI7gIABvvGTFOMH4gn_JwvhFG,2024-05-21 17:30:17.0
지구환경과학부 지질환경전공,2024년 「CNU 반올림 클래스」 참여학생 모집 안내,https://geology.jnu.ac.kr/bbs/geology/2871/878368/artclView.do,"지역사회 취약계층 초등학생을 대상으로 다양한 교육(멘토링) 활동을 지원하는 2024년 「CNU 반올림 클래스」에 많은 학생들의 참여 바랍니다.가. 사 업 명: 2024년 CNU 반올림 클래스나. 활동기간:  24. 7. ~  25. 1. [약 7개월]다. 활동대상: 초등학생 및 우리대학 학부 재학생 각 42명라. 지원사항(장학금 및 활동비): 대학생 1인당 1,320천원 지급마. 신청기간 및 방법  - 기간: '24. 5. 27.(월) ~ 5. 29.(수)  - 방법: 지원서(붙임1)신청서 작성 후 학생과 담당자 메일 제출(orio",2024-05-17 09:29:36.0
지구환경과학부 지질환경전공,2024학년도 하계 5만기행 단기 탐방 프로그램 참가자 모집 안내,https://geology.jnu.ac.kr/bbs/geology/2871/876024/artclView.do,"UN의 지속가능한발전목표(SDGs) 17개를 중심으로 본교생이 자발적으로 기획한 주제에 따라 체험, 탐방 학습의 기회를 제공하고 글로컬 우수 인재로 양성하고자 2024학년도  하계 「5만기행(五萬起行)」 프로그램 참가자를 모집하오니 학생들의 많은 참여 바랍니다. 1. 참가대상: 지난 10년간 해외 방문 경험이 없는 본교 학부 및 대학원 재학생2. 내    용: 학생이 직접 기획하여 2024 하계 방학 기간 아시아 내 국가 탐방3. 접수방법: 온라인 지원 (https://forms.gle/6MSTxeGnUH7KdWLT8)4. 선발인원",2024-04-24 11:26:03.0
지구환경과학부 지질환경전공,2024년 상반기 특수외국어(힌디어) 입문반 특별강좌 안내,https://geology.jnu.ac.kr/bbs/geology/2871/875895/artclView.do,"글로벌교육원에서는 한국외대 특수외국어교육진흥원, 제주대 언어교육원과 협력하여, 우리 대학 구성원의 특수외국어교육 학습 진흥을 위한 컨소시엄을 운영하고 있습니다.이에 특수외국어 특별강좌 수강생 모집을 아래와 같이 안내하오니, 인도 문화 및 힌디어에 관심있는 학생은 참여하여 주시기 바랍니다.가. 강좌명: 온라인 실시간 힌디어 강좌(입문반)나. 수강대상: 전남대학교 교직원 및 학생다. 강의기간:  24. 5. 7.(화) ~ 6. 11.(화) / 매주 화요일, 목요일 19:00~20:00 / 6. 6. 현충일 휴강라. 수강신청 기간:  2",2024-04-23 15:51:35.0
지구환경과학부 지질환경전공,2024학년도 CNU 온라인 클래스 안내,https://geology.jnu.ac.kr/bbs/geology/2871/875478/artclView.do,교육혁신본부 원격교육센터에서는 대학생의 학습역량 강화를 목적으로 CNU 온라인 클래스를 새롭게 운영합니다. 대학생들이 스스로 학습역량을 높이는 데 도움을 받을 수 있다고 하오니 관심있는 학생들의 많은 참여 바랍니다. 가. 신청기간: 2024. 4. 22.(월) ~ 2025. 1. 10.(금)나. 신청방법  - 비교과 통합 플랫폼  성장마루 (https://grow.jnu.ac.kr)  - 교육혁신본부 누리집(https://ile.jnu.ac.kr)다. 수강기간: 2024. 4. 22.(월) ~ 2025. 1. 24.(금)라. 참여순,2024-04-18 09:30:32.0
지구환경과학부 지질환경전공,"[~4/19, 11:00]「2024 나라사랑 독도사랑 국토탐방」 행사 참가학생 모집",https://geology.jnu.ac.kr/bbs/geology/2871/875403/artclView.do,"거점 국립대학교 학생들의 역사의식 함양, 국가관 정립, 애국심을 고취하고자 전남대 경북대 전북대 충남대 연합 프로그램인 「2024 나라사랑 독도사랑 국토탐방」을 실시하고자 합니다.이에 따라 프로그램 참가를 희망하는 학생은 관련 서류를 4월 19일(금) 11:00까지 자연대 행정실(자연대2호관 2층)로 제출하여 주시기 바랍니다.가. 사 업 명: 전남대 경북대 전북대 충남대 연합 「2024 나라사랑 독도사랑 국토탐방」나. 탐방기간: 2024.6.25.(화) ~ 2024.6.28.(금)다. 탐방장소: 울릉도, 독도 일대라. 제출 서류:",2024-04-17 14:50:04.0
지구환경과학부 지질환경전공,2024년 상반기 특수외국어(페르시아어) 특별강좌 안내,https://geology.jnu.ac.kr/bbs/geology/2871/875037/artclView.do,"글로벌교육원에서는 한국외대 특수외국어교육진흥원, 명지대 중동문제연구소와 협력하여, 우리 대학 구성원의 특수외국어교육 학습 진흥을 위한 컨소시엄을 운영하고 있습니다.이에 특수외국어 특별강좌 수강생 모집을 아래와 같이 안내하오니, 이란 문화 및 페르시아어에 관심있는 학생은 본 강좌에 적극 참여하여 주시기 바랍니다.가. 강좌명: 온라인 실시간 페르시아어 강좌(기초반)나. 수강대상: 전남대학교 교직원 및 학생다. 강의기간:  24. 4. 24.(수) ~ 5. 29.(수) / 매주 수요일, 19:00~21:00라. 수강신청 기간:  24.",2024-04-15 09:10:39.0
지구환경과학부 지질환경전공,2024년도 대학직장 예비군훈련 계획 안내,https://geology.jnu.ac.kr/bbs/geology/2871/874660/artclView.do,"2024년도 대학직장 예비군훈련 계획을 다음과 같이 알려드리니 훈련 일정 등 참고하여 주시기 바랍니다.가. 훈련 일정1) 기본훈련(1차)/동원보충대대훈련(10일)구 분기본훈련(1차)(7일)동원보충대대훈련(3일)3113대대3111대대3112대대일 자5. 13.(월) ~ 5. 14.(화) 5. 16.(목), 5. 29.(수) 6. 3.(월) ~ 6. 5.(수)5. 21.(화)5. 23.(목)5. 28.(화)대 상약 2,200명약 1,500명장 소동 서구 예비군훈련장 [구 삼각산 예비군훈련장(북구 일곡동)]삼도 동원훈련장(광산구 내산동)",2024-04-08 11:31:32.0
지구환경과학부 지질환경전공,2024년 「전남대 전공 알림아리」 프로그램 운영을 위한 전공 알리미 선발 안내,https://geology.jnu.ac.kr/bbs/geology/2871/874288/artclView.do,"2022 개정 교육과정과 고교학점제 도입에 따라, 전남대학교 입학본부는 진로 설정을 고민하는 고교생들에게 관심학과에 대한 정보 및 진학 설계에 도움을 주는 「전남대 전공 알림아리」 프로그램을 운영하고 있습니다. 프로그램에 참여할 전공 알리미 선발을 아래와 같이 시행하니 관심있는 학생들의 많은 참여 바랍니다. 1. 지원 자격: 전남대학교 1~2학년 재학생  ※ 활동 기간 중 학적변동(휴학/자퇴/제적/졸업/졸업예정 등), 교환학생, 해외파견 등 예정자 지원 불가2. 신청 기간: 2024. 4. 2.(화) ~ 4. 8.(월)3. 신청 방",2024-04-02 14:52:35.0
지구환경과학부 지질환경전공,2024학년도 대학생 청소년 교육지원사업 참여학생(멘토) 모집 안내,https://geology.jnu.ac.kr/bbs/geology/2871/873647/artclView.do,"2024학년도 청소년 교육지원사업 참여학생(멘토) 모집을 다음과 같이 안내하오니, 관심있는 학생들의 많은 참여 바랍니다. 1. 신청대상: 학부 재학생2. 모집일정  - 신청기간: 2024. 3. 27.(수) ~ 4. 3.(수) 18:00[8일간]  - 선 발 일: 2024. 4. 5.(금)  - 선발인원: 250명  - 활동기간: 2024. 4. ~ 2025. 2.(11개월)3. 신청방법: 붙임 참조(2023년 자료이며, 신청시 2024년으로 신청해야 함)4. 기타사항: 멘토 의무사항으로 폭력예방교육 이수 필수(붙임1. 10. 다항",2024-03-26 11:01:57.0
지구환경과학부 지질환경전공,2024년 학군사관(ROTC) 후보생 65·66기 모집요강 안내,https://geology.jnu.ac.kr/bbs/geology/2871/872632/artclView.do,"2024학년도 학군사관(ROTC) 후보생 65  66기를 모집 중이오니 안내문을 참고하시어 지원 바랍니다.가. 학군사관(ROTC)란 : 1 2학년에 선발하여, 3 4학년 학기 중 군사학을 수강하고, 방학 중(3회) 훈련하여 졸업과 동시에 장교 임관하는 장교양성 과정나. 지원대상 : 남녀 1 2학년 재학생다. 지원기간 : 2024. 3. 4(월) ~ 4. 26(금)라. 방법 : 인터넷 www.armyofficer.mil.kr [지원자접수]란 이용하여 접수 후 서류 제출마. 평가요소 및 배점구분계대학성적수능/내신면접평가체력인증신체검사신",2024-03-13 16:35:30.0
지구환경과학부 지질환경전공,2024학년도 1학기 이뭣고-교학상장 공모 안내,https://geology.jnu.ac.kr/bbs/geology/2871/872381/artclView.do,"교육혁신본부 교수학습센터에서는 2024학년도 1학기 신입생과 교수가 함께하는 이뭣고-교학상장 참여 모둠을 공모하오니 학과(부)의 많은 관심과 참여 바랍니다. 가. 참여 대상  - 지도 교수: 전임교원  - 참여 학생: 신입생(당해연도 입학생, 1학년 복학생, 전과생, 편입생, 외국인 유학생)                  도우미(2학년 이상 학과(부) 대학생)나. 모둠 구성(1모둠 기준): 교수 1명, 신입생 4~5명, 도우미 1명(선택)다. 모임 주제: 신입생의 자기이해, 대학생활, 전공 및 진로에 관해 이해를 돕는 내용 등라.",2024-03-12 13:50:50.0
지구환경과학부 지질환경전공,2024학년도 1학기 CNU 학습공동체 공모 안내,https://geology.jnu.ac.kr/bbs/geology/2871/872380/artclView.do,"교육혁신본부에서는 대학생 간 협력학습을 통한 학습역량 강화를 목적으로 「CNU 학습공동체」를 2024학년도에 새롭게 운영하오니, 지질환경전공 학생들의 많은 참여 바랍니다. 가. 신청 기간: 2024. 3. 11.(월)~ 3. 20.(수) 오후 5시까지나. 신청 대상: 본교 대학생다. 신청 형태  1) 유형1(자율형): 대학생 3~5명, 모둠을 형성하여 신청  2) 유형2(지원형): 대학생 1명, 개인으로 신청,    ※ 개인으로 신청한 경우 공모 마감 후 개인 신청자 중 모둠 형성 지원라. 신청 방법: 비교과 통합 플랫폼  성장마루",2024-03-12 13:48:55.0
지구환경과학부 지질환경전공,제25기 학생홍보대사 선발 공고 안내,https://geology.jnu.ac.kr/bbs/geology/2871/870921/artclView.do,"글로벌대외협력처 대외협력실에서는 매년 학생홍보대사를 선발하여 대학 홍보 이미지 및 영상 모델, 대내 외 공식 행사 운영지원 등의 활동을 통해 우리 대학을 홍보하고 있습니다. 이에, 애교심과 열정을 가진 「제25기 학생홍보대사」를 선발할 예정이오니 관심있는 학생들은 신청하여 주시기 바랍니다. 가. 선발 인원: 총 10명(광주 8명, 여수 2명) 나. 선발 일정구분일정(안)비고선발 공고'24. 2. 26.(월)대학 홈페이지모집설명회'24. 3. 8.(금)인문대학 김남주홀지원서 접수 기간'24. 3. 11.(월) ~ 13.(수)    1",2024-02-26 15:08:25.0
지구환경과학부 지질환경전공,2024학년도 1학기 광주시내 통학버스 운행 안내,https://geology.jnu.ac.kr/bbs/geology/2871/870614/artclView.do,"2024학년도 1학기 광주시내 통학버스를 다음과 같이 운행합니다. 가. 운행목적: 학사 운영을 위한 재학생 통학 지원  나. 운행기간: 2024. 03. 04.(월) ~ 2024. 06. 24.(월) [토, 일, 공휴일 제외] 다. 운행노선 및 운행시간   1) 농성동/광천동 방면횟수양동 주공A (그린파크 승강장옆)농성영무메트로A (뚜레쥬르앞)교원공제회관 (정문앞)광천동다이소옆 (동아한의원앞)챔피언스필드삼거리 (팔각정앞)경신여고사거리 (무등맨션입구앞)학교 (용봉탑)1회07:3507:4007:4307:4507:4807:5007:552",2024-02-21 09:11:32.0
지구환경과학부 지질환경전공,재학생 대상 영어학습센터 영어공부법 특강 안내,https://geology.jnu.ac.kr/bbs/geology/2871/868959/artclView.do,"언어교육원에서는 우리 대학 재학생의 자기주도학습 역량 강화를 통한 외국어 능력 함양을 위해 영어학습센터(English Learning Center)를 개설하여 영어학습지원 서비스를 제공하고 있습니다.   영어학습센터 영어공부법 특강을 실시하오니, 재학생들의 많은 참여 바랍니다. 가. 주제: 영어공부, 성공하는 3법칙!: 나는 왜 항상 중간에 포기할까? 나. 강사: 박초아 다. 일시: 2024. 02. 01(목), 오후 1:30~3:00 라. 방법: 온라인 특강(Zoom회의) -ID: 318 164 0235/ 암호: 5303638 -",2024-01-29 09:59:46.0
지구환경과학부 지질환경전공,재학생 대상 영어학습센터 동영상 수기 공모전 안내,https://geology.jnu.ac.kr/bbs/geology/2871/868957/artclView.do,"언어교육원에서는 우리 대학 재학생의 자기주도학습 역량 강화를 통한 외국어 능력 함양을 위해 영어학습센터(English Learning Center)를 개설하여 영어학습지원 서비스를 제공하고 있습니다.   영어학습센터(ELC) 동영상 수기 공모전을 실시하오니, 재학생들의 많은 참여 바랍니다.가. 공모 주제: 1:1 코칭 서비스 및 영어학습 콘텐츠를 활용하는 방법 나. 접수기간: 2024. 02. 01.(목) ~ 02. 12.(월)  다. 제출 방법  (1) 전남대학교 언어교육원 홈페이지(https://lec.jnu.ac.kr/) 상단",2024-01-29 09:57:57.0
지구환경과학부 지질환경전공,TOEIC SPEAKING 제휴대학 응시료 할인 안내,https://geology.jnu.ac.kr/bbs/geology/2871/864281/artclView.do,언어교육원에서는 우리 대학 재학생들의 취업 역량 강화를 위해 와이비엠 주식회사와의 협약을 통한 토익 스피킹(TOEIC SPEAKING) 응시료 할인 기회를 제공하고자 합니다. 공인영어능력시험인 토익 스피킹(TOEIC SPEAKING)에 응시하고자 하는 재학생들은 신청하여 다음과 같은 혜택을 제공받기 바랍니다.  가. 기간: 2023. 12. 04.(월) ~ 2024. 12. 31.(화)  나. 신청 방법  (1) 전남대학교 언어교육원 홈페이지(https://lec.jnu.ac.kr/) 상단 메뉴 [공지사항] 클릭  (2) [TOEI,2023-12-08 09:18:35.0
지구환경과학부 지질환경전공,2023 동계 기초보호학문(자연과학대학) 해외 파견 프로그램 참가자 모집 안내,https://geology.jnu.ac.kr/bbs/geology/2871/861723/artclView.do,"기초보호학문 국제 교류 활성화를 위하여 2023학년도 동계 기초보호학문(자연과학대학) 해외 파견 프로그램 참가자를 모집하고자 하오니, 관심있는 학생들의 참여 바랍니다. 1. 파견기간: 2023학년도 동계 계절학기 (2024. 1. 7.~1. 20., 2주간)2. 파견기관: 체코 Czech University of Natual Sciences Prague (체코생명과학대학교)                ※ 체코 프라하에 위치한 생명과학 및 농업 특화 대학3. 프로그램 내용: Environmental Engineering 강의(영어)",2023-11-27 15:29:11.0
지구환경과학부 지질환경전공,2023학년도 2차 핵심역량진단 실시 안내,https://geology.jnu.ac.kr/bbs/geology/2871/861227/artclView.do,"교육혁신본부에서는 우리 대학 학생을 대상으로 2023학년도 2차 핵심역량진단을 다음과 같이 실시하오니, 학생들의 적극적으로 참여 부탁드립니다.     1. 기    간: 2023. 11. 20.(월) ~ 12. 1.(금) ※ 응답률에 따라 기간 연장 가능  2. 대    상: 학부생 전체  3. 방    법: 성장마루   통합진단   핵심역량진단(https://grow.jnu.ac.kr/ko/diag/essential)  4. 소요시간: 5분 내외  5. 결과확인: 진단 종료 후  결과보기  클릭  6. 혜택 - 2023학년도 1,",2023-11-21 13:04:44.0
지구환경과학부 지질환경전공,2023 노벨상  아벨상 해설강연회 안내,https://geology.jnu.ac.kr/bbs/geology/2871/860532/artclView.do,* 비대면 주소:https://jnu-ac-kr.zoom.us/j/7428240197ZOOM 회의 ID: 742 824 0197,2023-11-10 16:29:58.0
지구환경과학부 지질환경전공,2023년 제5회 자연과학대학 학술제 행사 안내 (11. 20. 수정),https://geology.jnu.ac.kr/bbs/geology/2871/860503/artclView.do,"지역 거점대학으로서 지역 고등교육에 기여하여 기초과학의 우수성과 학술 성과를 공유하고자 「2023년 제5회 자연과학대학 학술제」행사를 진행하오니 많은 참여 바랍니다. ▪ 행사기간  - 1일차) 우리 함께해요: 2023. 11. 23.(목) 12:30~17:30  - 2일차) 더불어 즐겨요: 2022. 11. 24.(금) 11:00~18:00    ※ 1일차는 교내 구성원의 학술활동, 2일차는 지역 대학, 중 고교생 및 지역민과 소통▪ 행사장소: 용지관 기획전시실, 광주은행홀(3F)▪ 행사주관: 전남대학교 자연과학대학, 국립대학육성사",2023-11-10 10:54:31.0
지구환경과학부 지질환경전공,제2학생마루 『아띠끄(atti-C 2023)』 오픈 및 이용 안내,https://geology.jnu.ac.kr/bbs/geology/2871/860430/artclView.do,"우리대학 제2학생마루 내 구 식당 공간을 리모델링하여 복합휴게공간인 아띠끄(atti-C 2023)*로 아래와 같이 운영될 예정입니다.오픈 기념 이벤트로 매장방문 구성원에게 다음과 같이 무료 증정 행사를 진행하오니 많은 관심과 이용 부탁드립니다.  가. 운영시기: 2023. 11. 13.(월) 12:00~ 나. 위    치: 제2학생마루 1층  다. 운영시간: 평일 08:30~21:00, 주말 09:00~18:00  라. 운영주체: 전남대학교생활협동조합 마. 제공메뉴: 커피류, 생과일주스, 에이드, 허브티, 피자 베이커리류 바. 이벤",2023-11-09 11:09:31.0
지구환경과학부 지질환경전공,"11/10~11/11 지역민과 함께하는 기초과학  Focus On Science  안내(문화상품권 증정, 자계부 점수 부여)",https://geology.jnu.ac.kr/bbs/geology/2871/860225/artclView.do,11월의 사이언스데이는 100% 체험활동으로 진행됩니다. 따라서 비대면 특강은 하지 않습니다. 참여인원의 제한이 있으니 서두르시기 바랍니다. 참여링크:  https://forms.gle/G4MfgpJpi9RYXnrs8  참여혜택: 문화상품권 및 자기계발활동기록부 등재 관련문의: 062-530-3308 (자연과학대학),2023-11-06 17:24:37.0
지구환경과학부 지질환경전공,2023학년도 광주전남 공동교육혁신센터 미래역량 강화 프로그램 참여 안내,https://geology.jnu.ac.kr/bbs/geology/2871/859700/artclView.do,"광주전남 공동교육혁신센터에서는 5개 참여대학 대학생의 미래역량 강화를 위한 「2023학년도 미래역량 강화 프로그램」 참여자를 다음과 같이 모집하오니, 많은 학생들의 참여 바랍니다. 가. 개요 1) 프로그램명: 광주전남 공동교육혁신센터 미래역량 강화 프로그램 2) 운영기간: 2023. 10. ~ 11. 3) 참여대상: 광주전남 공동교육혁신센터 5개 참여대학 재학생 4) 주요내용차   시일   시주   제강   사1차11. 15.(수)14:00~16:00노션으로 시간관리 UP 학업관리 UP전시진(노션 공식 컨설턴트, 시리얼 대표)2차1",2023-10-31 08:46:02.0
지구환경과학부 지질환경전공,2023학년도 2학기 교양 맛보기 특강 개최 안내,https://geology.jnu.ac.kr/bbs/geology/2871/859545/artclView.do,교육혁신본부 교양교육센터에서는 우리대학 재학생들의 학생과 교수가 함께 만드는 역량기반 교양 교육과정 운영을 목적으로 2023학년도 2학기 교양 맛보기 특강을 개최하고자 합니다. 지질환경전공의 관심있는 학생들이 많은 참여 바랍니다. 가. 프로그램명: 교양 맛보기 특강 나. 대상: 재학 중인 대학생 ※ 회차별 선착순 30명 다. 특강 개요  ○ 접수기간: 2023. 10. 20.(금) ~ 특강 개최 하루 전 까지  ○ 접수방법: 성장마루 누리집(https://grow.jnu.ac.kr)에서 사전 신청  ○ 운영내용: 교양 맛보기 특강,2023-10-30 08:40:14.0
지구환경과학부 지질환경전공,『2023 용봉학술제(부제: CNU Tech  Graduate Fair)』 개최 안내,https://geology.jnu.ac.kr/bbs/geology/2871/859448/artclView.do,"대학의 최신 연구성과와 연구논문을 공유하고, 지역사회에 돌려드릴 우수한 기술과 창‧취업 아이템을 한지리에서 살펴보고, 중개하며, 소통하는 열린 공간을 마련하고자 테크페어와 대학원 페어를 하나로 융합해 『2023 용봉학술제』를 다음과 같이 개최하오니, 학생들의 많은 참여 바랍니다.   1. 행사명: 2023 용봉학술제(부제: CNU Tech   Graduate Fair)  - 슬로건: 대학을 단단하게 학생을 든든하게 지역사회를 튼튼하게2. 일시: 2023. 11. 14.(화) 10:30 ~ 2023. 11. 16.(목) 16:30",2023-10-27 10:03:57.0
지구환경과학부 지질환경전공,도서관 토요일 연장개관 운영 안내,https://geology.jnu.ac.kr/bbs/geology/2871/859442/artclView.do,도서관에서는 이용자의 이용편의 도모 및 다양한 정보 요구 충족을 위해 「토요일 연장개관」을 아래와 같이 운영하오니 이용에 참고하시기 바랍니다.    가. 시행시기: 2023. 11. 4.(토) ~  나. 대    상: 도서관 정보마루(멀티미디어존 제외) 다. 변경사항: 토요일 연장개관 운영구분현행변경평일학기09:00 ~ 22:00현행과 같음방학09:00 ~ 18:00토요일휴 관09:00 ~ 13:00 ※ 도서관 본관/분관 운영시간은 변동 없음(평일 09:00~18:00/토요일(휴관))    붙임  도서관 토요일 연장개관 운영 안내,2023-10-27 09:36:36.0
지구환경과학부 지질환경전공,제10회 차세대해양과학자워크숍 참여 안내,https://geology.jnu.ac.kr/bbs/geology/2871/859080/artclView.do,한국해양과학기술원은 한국해양학위원회와 함께 매년 해양학에 관심있는 학생들을 대상으로 진로탐색을 위한 전문가 강연과 젊은과학자와의 만남을 주선하는 차세대해양과학자워크숍을 개최하고 있습니다. 올해로 10번째를 맞이하는 차세대해양과학자워크숍을 제주 서귀포에서 아래와 같이 개최하오니 관심있는 학생들은 참여하여 주시기 바랍니다.     - 아 래 -   가. 행사명: 제10차 차세대해양과학자워크숍  나. 일시 및 장소: 2023.12.01.(금) ~ 03일(일) / 제주 서귀포 빠레브 호텔  다. 행사목적    - 해양 전문가들의 강의와 학,2023-10-23 16:43:34.0
지구환경과학부 지질환경전공,「대학 방문형 연구윤리 교육」 실시 및 수강방법 안내,https://geology.jnu.ac.kr/bbs/geology/2871/859045/artclView.do,"우리 대학 소속 연구자의 연구윤리 확보 및 연구부정행위 예방을 위하여 「대학 방문형 연구윤리 교육」을 다음과 같이 실시하오니 많은 참여 바랍니다.1. 교육 개요 가. 과 정 명: 대학 방문형 연구윤리 교육 나. 일    시: 2023. 11. 15.(수) 14:00~15:30(90분) 다. 장    소: ZOOM을 이용하여 실시간 온라인으로 진행 라. 대    상: 대학 소속 교원, 대학(원)생, 직원 등  마. 교육내용: 연구윤리의 필요성 및 연구부정행위 등 바. 세부일정일자시간내용비고2023. 11. 15.(수)13:30~14:",2023-10-23 14:02:42.0
지구환경과학부 지질환경전공,2023학년도 언어교육원 재학생 참여 프로모션 개최 안내,https://geology.jnu.ac.kr/bbs/geology/2871/859014/artclView.do,우리 대학 재학생들의 영어학습 의욕을 고취시키고 2023학년도 겨울방학 외국어강좌를 홍보하기 위하여 재학생 참여 프로모션 행사를 진행하오니 관심 있는 학생들의 많은 참여 바랍니다.    가. 시간: 2023. 11. 2.(목) 11:00 ~ 17:00 나. 대상: 전남대학교 학생 전체 다. 장소: 백도 앞 잔디밭 라. 주요 프로그램 - 포토부스  인생 네 컷  운영 - 팝콘 이벤트 - (무료) 원어민 강사 영어회화 레벨테스트 실시   붙임 1. 2023 언어교육원 겨울방학 외국어강좌 프로모션 홍보물 1부.       2. 2023,2023-10-23 11:29:28.0
지구환경과학부 지질환경전공,2023학년도 2학기 「표현과 소통 상담실」 운영 안내,https://geology.jnu.ac.kr/bbs/geology/2871/858793/artclView.do,"교육혁신본부 교수학습센터에서는 대학생의 의사소통 능력 향상을 위하여, 2023학년도 2학기 「표현과 소통 상담실」을 운영합니다. 맞춤형 글쓰기 서비스에 관심있는 학생들은 참여하여 주시기 바랍니다.    ■ 「표현과 소통 상담실」 프로그램 모집 개요 ■구분 내용신청 자격 대학생운영 기간 2023. 10. 16.(월) ~ 2023. 12. 13.(수)까지 ※주말 및 공휴일, 중간 기말고사 기간 제외상담 내용 국문으로 작성된 A4 5장 이내의 학술적 글쓰기신청 방법 비교과 통합 플랫폼 성장마루: http://grow.jnu.ac.kr",2023-10-19 11:01:47.0
지구환경과학부 지질환경전공,2023학년도 2학기 「감성공감」 공모 안내,https://geology.jnu.ac.kr/bbs/geology/2871/858792/artclView.do,"교육혁신본부 교수학습센터에서는 대학생의 핵심역량을 향상시키기 위하여, 2023학년도 2학기 「감성공감」 프로그램을 운영합니다. 문화예술역량 향상에 관심있는 학생들은 프로그램에 참여하여 주시기 바랍니다. ■ 「감성공감」 공모 개요 ■ 구분 내용공모 대상  교수와 대학생으로 구성된 모둠공모 기간 2023. 10. 16.(월) ~ 2023. 10. 31.(화)까지운영 내용   활동 기간: 2023. 11. 6.(월) ~ 2023. 12. 6.(수)    활동 방법: 2회 이상 모임 실시, 최종보고서 및 정산서 제출    모둠구성 전임교수",2023-10-19 10:59:47.0
지구환경과학부 지질환경전공,2023학년도 2학기 광주전남권역 대학원격교육지원센터 스마트 학습기기 대여 서비스 안내,https://geology.jnu.ac.kr/bbs/geology/2871/858641/artclView.do,광주전남권역 대학원격교육지원센터에서는 2023학년도 2학기를 맞아 권역 내 학습자의 원격수업 참여 독려 및 취약계층 학습자의 원격강좌 학습 지원을 위하여 스마트 학습기기 대여 서비스를 아래와 같이 운영하오니 관심있는 학생들은 참고하시기 바랍니다. 가. 사업내용: 원격강의 수강을 위한 노트북 컴퓨터 대여 나. 대여수량: 50대(1인 1대로 제한) 다. 참여대상: 광주전남권역 내 대학 재학생 라. 신청기간: 2023. 10. 16.(월) ~ 10. 29.(일) 마. 결과발표: 2023. 10. 30.(월) 14:00 (통합 누리집 공지,2023-10-17 10:38:34.0
지구환경과학부 지질환경전공,2023학년도 광주전남권역 대학원격교육지원센터 공동활용 콘텐츠 이수 이벤트 참여 안내,https://geology.jnu.ac.kr/bbs/geology/2871/858622/artclView.do,"광주전남권역 대학원격교육지원센터에서는 공동활용 콘텐츠에 대한 광주전남권역 내 대학 구성원의 관심 및 참여를 제고하기 위하여 2023학년도 광주전남권역 대학원격교육지원센터 공동활용 콘텐츠 이수 이벤트를 다음과 같이 진행하오니 학생들의 많은 참여 바랍니다.가. 사 업 명: 광주전남권역 대학원격교육지원센터 공동활용 콘텐츠 이수 이벤트나. 운영기간: 2023. 10. 16.(월) ~ 12. 29.(금)다. 참여대상: 광주전남권역 내 대학 구성원(재학생, 교직원) 및 일반인라. 선정방법: 이벤트 기간 내에 제출한 공동활용 콘텐츠 이수증을 집",2023-10-17 09:33:07.0
지구환경과학부 지질환경전공,"10/20 지역민과 함께하는 기초과학  Focus On Science  안내(문화상품권 증정, 자계부 점수 부여)",https://geology.jnu.ac.kr/bbs/geology/2871/858604/artclView.do,"지역민과 함께하는 기초과학 10월의 사이언스데이를 안내합니다.1. 일시: 10월 20일(금) 13:00~18:002. 장소: 자연대 1호관 사이언스홀3. 내용  - PART 3으로 구성되어 있으며, PART별 수강생에게 문화상품권 5천원 증정(설문조사 때 확인 후 증정)  - PART 3까지 들은 학생은 자계부 10점, 이하는 5점 부여",2023-10-16 17:33:10.0
지구환경과학부 지질환경전공,2023학년도 광주전남권역 대학원격교육지원센터 통합 누리집 회원가입 이벤트(1차) 참여 안내,https://geology.jnu.ac.kr/bbs/geology/2871/858555/artclView.do,"광주전남권역 대학원격교육지원센터에서는 공동활용 콘텐츠에 대한 광주전남권역 내 대학 구성원의 관심 및 참여를 제고하기 위하여 2023학년도 광주전남권역 대학원격교육지원센터 통합 누리집 회원가입 이벤트(1차)를 다음과 같이 진행하오니 많은 참여 바랍니다. 가. 사 업 명: 광주전남권역 대학원격교육지원센터 통합 누리집 회원가입 이벤트(1차) 나. 운영기간: 2023. 10. 16.(월) ~ 11. 3.(금) 다. 참여대상: 광주전남권역 내 대학 구성원(재학생, 교직원) 및 일반인 라. 선정방법: 이벤트 기간 내에 회원가입 완료한 대상으로",2023-10-16 13:29:55.0
지구환경과학부 지질환경전공,2023학년도 광주전남권역 대학원격교육지원센터 원격수업 역량강화 워크숍(4차) 참여 안내,https://geology.jnu.ac.kr/bbs/geology/2871/858350/artclView.do,광주전남권역 대학원격교육지원센터에서 대학 구성원의 디지털 리터러시 역량 강화를 위하여 원격수업 역량강화 워크숍(4차)을 다음과 같이 개최하오니 지질환경전공 학생들의 많은 참여 바랍니다.1. 개요  가. 주제: 챗GPT와 생성형 AI를 활용한 자료 수집과 콘텐츠 제작  나. 일시: 2023. 10. 19.(목) 14:00~16:00  다. 강사: 송은정 교수(동국대학교 AI융합교육전공)  라. 대상: 광주전남권역 내 대학(원)생  마. 방법: 줌(Zoom)을 이용한 실시간 온라인 워크숍  바. 혜택    1) 이수증 발급    2),2023-10-12 15:35:46.0
지구환경과학부 지질환경전공,「2023년 국립대학 육성사업」 2023학년도 동계 5만기행 단기 탐방 프로그램 참가자 모집 안내,https://geology.jnu.ac.kr/bbs/geology/2871/857669/artclView.do,"UN의 지속가능한발전목표(SDGs) 17개를 중심으로 본교생이 자발적으로 기획한 주제에 따라 체험, 탐방 학습의 기회를 제공하고 글로컬 우수 인재로 양성하고자 2023학년도  동계 「5만기행(五萬起行)」 프로그램 참가자를 모집하오니 학생들의 많은 참여 바랍니다.   1. 참가대상: 지난 10년간 해외 방문 경험이 없는 본교 학부 및 대학원 재학생2. 내    용: 학생이 직접 기획하여 2023 동계 기간 아시아 내 국가 탐방3. 접수방법: 온라인 지원 (https://forms.gle/DQt5QXqK6Hxubqzs6)4. 선발인원:",2023-10-03 10:22:24.0
지구환경과학부 지질환경전공,학부 재학생 대상 “영어 말하기/글쓰기/학습전략 1:1 무료 코칭” 안내,https://geology.jnu.ac.kr/bbs/geology/2871/856475/artclView.do,"언어교육원에서는 우리 대학 학부 재학생의 자기주도학습 역량 강화를 통한 외국어 능력 함양을 위해 영어학습센터(English Learning Center)를 개설하여 영어학습지원 서비스를 제공하고 있습니다. 『원어민 강사 영어 말하기 및 글쓰기 1:1 무료 코칭』 및 『내국인 강사 영어 학습전략 1:1 무료 코칭』 서비스를 실시하오니, 재학생들의 많은 참여 바랍니다.가. 기간: 2023. 09. 12.(화) ~ 2024. 02. 23.(금)  ※ 언어교육원 외국어 강좌 일정과 동일하게 운영나. 코칭 영역: 원어민 영어 말하기, 원어민",2023-09-14 09:40:54.0
지구환경과학부 지질환경전공,2023학년도 2학기 「학습꿈터」 모집 안내,https://geology.jnu.ac.kr/bbs/geology/2871/855330/artclView.do,"교육혁신본부 교수학습센터에서 학사경고자를 포함한 학업저성취자의 기초 학습역량을 향상하고자 「학습꿈터」를 운영하오니, 학생들의 많은 참여 바랍니다. 가. 학습꿈터 모집 개요   구 분 내 용   모둠 신청 기간 ㆍ2023. 9. 15.(금)까지   모둠 형성 요청 기간 ㆍ2023. 9. 12.(화) 11시 45분까지 ㆍ이끄미 및 따르미 추천을 받고 싶은 경우  모둠 형성 요청  게시판에 신청 ※ 이끄미: 교과목 학습에 도움을 주는 대학 재학생 ※ 따르미: 교과목 학습에 도움을 받는 대학생   모둠 구성 ㆍ이끄미 1명+따르미 1~2명(",2023-09-05 17:20:05.0
지구환경과학부 지질환경전공,2023학년도 2학기 배움공동체 참여 안내,https://geology.jnu.ac.kr/bbs/geology/2871/855112/artclView.do,"교육혁신본부 교수학습센터에서는 핵심역량인 창의‧감성‧공동체역량 강화를 위해 2023학년도 2학기에 배움공동체를 새롭게 운영합니다. 관심 있는 학생들은 많은 참여 바랍니다.    1. 신청 기간: 2023년 9월 4일(월)~9월 14일(목) 2. 신청 대상: 본교 대학생(나눔이 대학 재학생, 배움이 대학생) 3. 모둠 구성: 나눔이 1명 및 배움이 4~5명 4. 신청 방법: 비교과 통합 플랫폼  성장마루 (https://grow.ac.kr) ※ 프로그램 소개: 교육혁신본부 누리집(https://ile.jnu.ac.kr) 5. 활동 내",2023-09-04 19:41:25.0
지구환경과학부 지질환경전공,2023학년도 CNU전공-나눔연계 국외봉사 단원 모집 안내,https://geology.jnu.ac.kr/bbs/geology/2871/854838/artclView.do,"2023학년도 CNU전공-나눔연계 국외봉사 모집 공고문을 붙임과 같이 송부하오니 많은 학생들이 참여 바랍니다.구분국제워크캠프국제자원활동파견국가태국, 캄보디아라오스모집인원21명11명홍보기간'23.9.4.(월) 9.15.(금)'23.8.28.(월) 9.8.(금)접수기간'23.9.13.(수) 9.15.(금)'23.9.6.(수) 9.8.(금)면접일자'23.9.22.(금) 15:00'23.9.15.(금) 15:00최종합격 공고일'23.9.26.(화) 15:00'23.9.19.(화) 14:00   붙임 1. 2023학년도 동계 국제워크캠프 모",2023-08-31 16:55:22.0
