학부,제목,링크,내용,작성일
음학학과,2025학년도 제1학기 등록 안내,https://music.jnu.ac.kr/bbs/music/1656/905477/artclView.do,"2025학년도 제1학기 등록 안내드립니다.- 등록기간: 2025. 2. 18.(화) ~ 2. 21.(금) 16:00까지 [4일간]- 등록장소: 광주은행, 농협(지역농협 포함), 국민은행, 신한은행 전국 본 지점※ 등록금고지서는 우편 발송되지 않음(분할납부도 발송안됨)학생들의 등록금 부담을 완화하기 위하여 등록금 분할납부제도를 운영하니 희망하는 학생들이 신청할 수 있도록 안내하여 주시기 바랍니다.가. 신청기간: 2025. 1. 6.(월) ~ 2. 3.(월) [29일간]나. 선택횟수: 분할납부 2회, 3회, 4회 선택 가능다. 신청절차",2025-01-08 14:22:45.0
음학학과,2024년 하반기 1차 도전장학(미래) 선발 계획 안내,https://music.jnu.ac.kr/bbs/music/1656/903260/artclView.do,"2024년 하반기 1차 도전장학(미래) 선발 계획 안내1. 장학생 선발가. 자격: 2025년 2월 학사과정 졸업예정자로서 2025학년도 전기 우리 대학교 일반대학원에 진학하려는 자 (학.석사연계과정생도 지원 가능)※ 직전학기 성적 평균평점 2.5이상 (전남대학교 장학규정 제3조(장학생의 자격))나. 장학금: 인문사회계열 1,700천원, 자연예체능계열 2,300천원※ 단, 지원액은 가용예산 범위에 따라 다소 변동 가능함다. 제출서류대상제출 서류제출 기한제출처지원신청자◦ 도전장학(미래) 지원신청서[별지 제1호 서식] ※ 붙임 참조202",2024-12-17 18:03:45.0
음학학과,2025학년도 제1학기 휴.복학 신청 안내,https://music.jnu.ac.kr/bbs/music/1656/903147/artclView.do,2025학년도 제1학기 휴.복학 신청 안내가. 휴학 신청 기간1) 일반휴학(등록): 2025. 2. 18.(화) ~ 4. 24.(목)2) 일반휴학(미등록): 2025. 2. 18.(화) ~ 2. 21.(금)나. 복학 신청 기간1) 조기복학: 2025. 1. 2.(목) ~ 2. 7.(금)2) 일반복학: 2025. 1. 2.(목) ~ 2. 21.(금)다. 휴학 복학 신청 방법 및 유의 사항: 붙임 안내문 참조,2024-12-17 14:38:21.0
음학학과,[학부] 2024학년도 동계 계절학기 수강취소 안내,https://music.jnu.ac.kr/bbs/music/1656/902550/artclView.do,2024학년도 동계 계절학기 수강취소 안내 드립니다.1. 수강취소 기간 및 방법구분수강취소 기간환불 금액취소 방법개강 전수강취소2024. 12. 19.(목) 09:00～2024. 12. 20.(금) 18:00전액학생포털을 이용하여 학생 본인이 직접 전산 취소개강 후수강취소2024. 12. 26.(목) 09:00~ 2025. 1. 2.(목) 18:00수강료의 2/3환불2025. 1. 3.(금) 09:00～2025. 1. 6.(월) 18:00수강료의 1/2환불2025. 1. 6.(월) 18:00 이후 수강취소 및 환불 불가※ 수강취소,2024-12-11 13:55:25.0
음학학과,[학부] 2025학년도 편입학(일반/학사)전형 안내,https://music.jnu.ac.kr/bbs/music/1656/901272/artclView.do,2025학년도 편입학(일반/학사)전형 안내 1. 편입학전형 주요 일정구분일정비고인터넷 원서접수2024. 12. 18.(수) 09:00～12. 20.(금) 18:00[서류제출 기한] 12. 18.(수)~27.(금) 18:00면접/필기/실기고사일2025. 2. 4.(화) 09:00～[면접/필기] 08:30까지 공지장소로 입실[실기] 모집단위별 운영에 따름최초합격자 발표2025. 2. 13.(목) 15:00 예정[등록] 2. 14.(금) 09:00～2. 17.(월) 15:00충원합격자 발표1차2025. 2. 18.(화) 09:00 예정[,2024-11-26 16:33:32.0
음학학과,[일반대학원] 2025학년도 전기(2차) 일반대학원 입학전형 안내,https://music.jnu.ac.kr/bbs/music/1656/901271/artclView.do,2025학년도 전기(2차) 일반대학원 입학전형 안내1. 전형 주요일정구   분일   정비 고인터넷원서접수'24. 12. 2.(월) 09:00 ~ 12. 11.(수) 18:00전남대 홈페이지전형일'24. 12. 26.(목)모집단위별 지정장소합격자발표'25. 1. 9.(목) 15:00 예정전남대 홈페이지등록기간'25. 1. 20.(월) 09:00 ~ 1. 23.(목) 16:00전남대 지정은행 많은 지원관 관심 부탁드립니다.,2024-11-26 16:27:35.0
음학학과,제42회 전남대학교 예술대학 음악학과 졸업연주회 개최,https://music.jnu.ac.kr/bbs/music/1656/901021/artclView.do,"제42회 전남대학교 예술대학 음악학과 졸업연주회가 성황리에 진행되고 있습니다많은 관심과 사랑 부탁드립니다.일시 - 작곡: 11.8.(금) - 피아노: 11.20.(수)-21.(목) - 성악: 12.2(월)-3.(화) - 관현악: 12.4(수)-5(목)장소전남대학교 예술대학 예향홀주최전남대학교 예술대학 음악학과문의062-530-0390,3030",2024-11-22 11:18:16.0
음학학과,[수시모집]2025학년도 수시모집 예·체능계 실기고사 수험생 안내사항(시간 및 장소),https://music.jnu.ac.kr/bbs/music/1656/900269/artclView.do,"2025학년도 수시모집 예 체능계 실기고사 수험생 안내사항       2025학년도 수시모집 예 체능계(음악학과) 실기고사 수험생 유의사항을 붙임과 같이 안내하오니 입실시간 및 입실장소, 안내사항을 반드시 확인하시기 바랍니다.     2024. 11. 12.      전 남 대 학 교",2024-11-15 10:40:07.0
음학학과,2025학년도 전기 일반대학원 신입생 모집,https://music.jnu.ac.kr/bbs/music/1656/896922/artclView.do,2025학년도 전기 일반대학원 입학전형 모집요강을 안내하오니 많은 관심과 지원 바랍니다.1. 전형 주요일정구   분일   정비 고인터넷원서접수'24. 10. 2.(수) 09:00 ~ 10. 16.(수) 18:00전남대 홈페이지전형일'24. 10. 30.(수)모집단위별 지정장소합격자발표'24. 11. 12.(화) 15:00 예정전남대 홈페이지등록기간'25. 1. 20.(월) 09:00 ~ 1. 23.(목) 16:00전남대 지정은행,2024-10-04 10:57:55.0
음학학과,2024학년도 제2학기 추가 등록 및 휴.복학 신청 기간 안내,https://music.jnu.ac.kr/bbs/music/1656/893390/artclView.do,2024학년도 제2학기 추가 등록 및 휴.복학 신청 기간 안내 우리 대학교에서는 2024. 8. 20.(화) ~ 8. 23.(금) 등록을 실시하였으나 현재까지 등록금을 납부하지 못한 학생에 대해 다음과 같이 추가 등록기간과 휴 복학 기간을 설정 시행하오니 기간내에 등록금 납부와 휴 복학하시기 바랍니다.기간: 2024. 9. 10.(화) ~ 9. 12.(목) 16:00 [3일간]※ 자세한 사항은 공고문 참고 붙임 2024학년도 제2학기 추가 등록 공고문 1부. 끝.,2024-08-27 10:45:29.0
음학학과,2024학년도 후기 일반대학원 신입생 모집,https://music.jnu.ac.kr/bbs/music/1656/878790/artclView.do,2024학년도 후기 일반대학원 신입생 모집합니다많은 관심과 지원 바랍니다.,2024-05-21 20:46:41.0
음학학과,2024학년도 후기 학부 순수외국인(부모 모두가 외국인인 외국인)전형 모집요강 안내,https://music.jnu.ac.kr/bbs/music/1656/873892/artclView.do,2024학년도 후기 학부 순수외국인(부모 모두가 외국인인 외국인)전형 모집요강 안내  주요 일정 전형 업무후기비고1차2차인터넷 원서접수'24. 4. 1.(월) ~ 4. 11.(목)'24. 4. 15.(월) ~ 5. 10.(금) 지원서류제출'24. 4. 1.(월) ~ 4. 12.(금)'24. 4. 15.(월) ~ 5. 23.(목) 지원자격심사'24. 4. 17.(수)'24. 5. 28.(화)입학과학 과 심 사'24. 4. 29.(월) ~ 5. 2.(목)'24. 6. 3.(월) ~ 6. 5.(수)단과대학 및 모집단위자 체 감 사'24.,2024-03-27 18:48:51.0
음학학과,2024학년도 후기 일반대학원 입학전형 모집요강 안내,https://music.jnu.ac.kr/bbs/music/1656/873891/artclView.do,2024학년도 후기 일반대학원 입학전형 모집요강 안내1. 전형 주요일정구   분전형일정비 고인터넷 원서접수'24. 5. 2.(목) 09:00 ~ 5. 14.(화) 18:00전남대 홈페이지전형일'24. 5. 28.(화)모집단위별 지정장소합격자 발표'24. 6. 14.(금) 15:00 예정전남대 홈페이지등록금 납부기간'24. 7. 15.(월) 09:00 ~ 7. 18.(목) 16:00전남대 지정은행  붙임 1. 2024학년도 후기 일반대학원 입학전형 모집요강 1부.,2024-03-27 18:45:42.0
음학학과,제31회 관현악 정기연주회,https://music.jnu.ac.kr/bbs/music/1656/873232/artclView.do,아래와 같이 제31회 관현악 정기연주회를 개최하오니관심있으신 분들의 많은 참석 바랍니다.문의) 062-530-0390 음악학과* 본 공연은 자유좌석제로 운영되며 예약 불가함을 알려드립니다.* 프로그램 (첨부 파일 참조),2024-03-20 15:12:24.0
음학학과,제41회 피아노 정기연주회,https://music.jnu.ac.kr/bbs/music/1656/873050/artclView.do,아래와 같이 제41회 피아노 정기연주회를 개최하오니관심있으신 분들의 많은 참석 바랍니다.문의) 062-530-0390 음악학과* 본 공연은 자유좌석제로 운영되며 예약 불가함을 알려드립니다.* 프로그램 (첨부 파일 참조),2024-03-19 13:26:46.0
음학학과,2024년도 제 1학기 최종 등록 및 휴학 신청 기간 안내,https://music.jnu.ac.kr/bbs/music/1656/872938/artclView.do,"1. 기간: 2024. 4. 2.(화) ~ 4. 3.(수) 16:00 (2일간)2. 등록장소: 광주, 농협, 국민, 신한 은행 전국지점※ 고지서 상의 가상계좌 입금, 광주은행 신용카드 납부 가능3. 유의사항- 2024. 1학기 정부보증 학자금 대출을 받아 등록을 하는 학생은 등록기간 내에 등록금이 납부될 수 있도록 신청하시기 바람- 2024. 1학기 수업연한 초과자도 최종 등록기간에 등록금을 납부할 수 있도록 안내- 최종 등록기간에 등록금을 납부하지 않은 학생은 미등록 제적 처리 대상임  붙임  공고문 1부. 끝.",2024-03-18 13:17:54.0
음학학과,24.3.1.자 음악학과 신규 강사(대체 강사) 공개채용 공고,https://music.jnu.ac.kr/bbs/music/1656/869282/artclView.do,'24. 3. 1.자 ('24학년도 1학기) 전남대학교 예술대학 음악학과 강사 공개 채용을 다음과 같이 공고하오니 많은 지원 바랍니다. '24. 3. 1.자 (2024학년도 1학기) 전남대학교 예술대학   음악학과 신규 강사(대체 강사) 공개채용 공고    1. 모집분야 및 모집인원- 관현악전공(첼로) 2명*반드시 전남대학교 홈페이지 공지사항 공고 내용 숙지 후 지원 바람 https://www.jnu.ac.kr/WebApp/web/HOM/COM/Board/board.aspx?boardID=5 bbsMode=view page=1 ke,2024-01-31 09:34:39.0
음학학과,24.3.1.자 교육공무원(조교) 공개채용 공고,https://music.jnu.ac.kr/bbs/music/1656/866894/artclView.do,"2024.3.1.자 음악학과 교육공무원(조교) 공개채용 공고  전남대학교 예술대학 음악학과에서는 교무, 학사 및 행정 업무 운영을 위해 의욕적으로 성실하게 업무를 수행할 수 있는 조교를 아래와 같이 모집합니다.1. 모집요강소속신규임용인원지원자격담당업무비 고예술대학음악학과1명◦ 석사학위 소지자◦ 공무원 임용에 결격 사유가 없는 자◦ 대학 행정조교 또는 음악전공자, 음악관련 분야 유경험자 우대◦ 남자인 경우 병역 필 또는 면제자◦ 합격자 발표 후 즉시 근무 가능한 자 교무, 학사 및 행정   2. 전형방법 가. 1차 : 서류전형  나.",2024-01-08 12:07:42.0
음학학과,"전남대학교 정시모집(나군) -피아노전공, 작곡전공",https://music.jnu.ac.kr/bbs/music/1656/866473/artclView.do,"https://www.jnu.ac.kr/Data/tmfiles/ipsi/jeongsi/application-24o.html전남대학교 정시모집(나군) 안내  전형전공  1. 피아노전공 (5명)  2. 작곡전공(4명)전형일정구분일시장소 및 안내사항원서접수(인터넷 접수)2024. 1. 3.(수) 09:00 ~ 1. 6.(토) 18:00전남대학교 홈페이지 공고(https://www.jnu.ac.kr)서류제출(해당자만 제출)2024. 1. 3.(수) 09:00 ~ 1. 9.(화) 18:00제출대상- 지역기회균형전형, 농어촌학생전형, 기초/",2024-01-03 09:45:13.0
음학학과,24. 3. 1.자 전남대학교 예술대학 음악학과 강사 공개 채용(작곡전공),https://music.jnu.ac.kr/bbs/music/1656/865639/artclView.do,'24. 3. 1.자 ('24학년도 1학기) 전남대학교 예술대학 음악학과 강사 공개 채용을 다음과 같이 공고하오니 많은 지원 바랍니다. '24. 3. 1.자 (2024학년도 1학기) 전남대학교 예술대학   음악학과 신규 강사 공개채용 공고    1. 모집분야 및 모집인원 - 첨부파일 참고(붙임1) 2. 전형방법 (1) 1차 : 전공 1단계 심사(서류심사)가) 최근 5년 이내 발표된 실기실적물(10편 이내)의 증빙자료(작곡전공은 악보제출) 각 1부나) 대표실적물 : 제출한 실적물 중 1편을 질적 심사를 위한 대표실적물로 지정※ 지정된,2023-12-22 14:56:13.0
음학학과,바리톤 공병우 교수의  겨울나그네,https://music.jnu.ac.kr/bbs/music/1656/865492/artclView.do,"전남대학교 예술대학 음악학과 공병우 교수의  겨울나그네  전곡 연주가 전남대학교 예술대학 예향홀에서 개최됩니다. 슈베르트의 독일 낭만주의 가곡  겨울 나그네 를 통해 청각적 정보에서 시각, 공간, 음향, 시간을 더해 입체적인 정보를 관람객에게 전달함으로써 기존의 전통적 레퍼토리가 새로운 감동, 새로운 표현, 새로운 해석을 하게할 것입니다. 독일 낭만 가곡이 가진 학문적인 가치를 연구하고 보존하며 이를 대중들에게 쉽게 전달하기 위한 두 가지 목표를 가집니다. 이를 위해 청년 예술가 피아니스트 김보람, 작곡가이자 미디어아티스트 유복음을",2023-12-21 09:54:00.0
음학학과,2023 CNU 현대음악 페스티벌 ‘Die Zeitgenossen’,https://music.jnu.ac.kr/bbs/music/1656/864305/artclView.do,"전남대학교 예술대학 음악학과에서 2023 국립대학 육성사업으로 12월 14일부터 19일까지 4일동안 CNU음악페스티벌을 개최합니다.전남대학교 민주마루에서 열리는 이번 음악회는  Die Zeitgenossen 이라는 타이틀로 20세기의 위대한 작곡가들을 조명하고 국내 최정상급 연주자들에 의해 그들의 작품이 연주됩니다. 특히 오는 14일은 20세기 가장 위대한 고전음악 작곡가 중 한 명으로 꼽히는 죄르지 리게티 (Gy rgy Ligeti)의 피아노 에튀드 전곡을 피아니스트 윤정은이 연주하고, 15일은 니노 로타(Nino Rota)와 니",2023-12-08 10:42:32.0
음학학과,제11회 카메라타전남 정기연주회   2023 송년음악회,https://music.jnu.ac.kr/bbs/music/1656/864221/artclView.do,카메라타전남  후원자님께 !그동안 저희 카메라타전남을 물심양면으로 후원하여 주신 점 마음 속 깊이 감사드립니다. 아뢰올 말씀은  카메라타전남이 이번 송년음악회부터 유료티켓제를 실시하게 되었습니다. 이 점 널리 양해하여 주시길 바라며 좋은 공연으로 보답하겠습니다.[카메라타전남 2023 송년음악회 예매 안내]■ 공연명: 제11회 카메라타전남 정기연주회  '2023 송년음악회'■ 일시: 2023. 12. 21. (목) 7:30 pm■ 장소: 전남대학교 민주마루■ 출연진- 지휘 최혁재- 베이스바리톤 길병민- 바이올린 이현웅(전북대교수)■,2023-12-07 14:31:06.0
음학학과,제17회 뮤직노마드 현대창작음악연주회 _ 시절유감2023 환경시리즈 I - 물音,https://music.jnu.ac.kr/bbs/music/1656/861951/artclView.do,"2023 CNU NEW MUSIC DAYS제17회 뮤직노마드 현대창작음악연주회 - 시절유감2023 환경시리즈 I - 물音-일시 :  2023년 12월 19일 (화) 19시 30분-장소 : 전남대학교 민주마루-문의 : 010-9902-5872 / musnoma@gmail.com예술은 시대와 호흡한다는 모토 아래 활동해온 작곡동인단체 뮤직노마드가  물 부족, 가뭄 현상 의 환경 위기에 직면한 인류에게 자성과 경각심을 일깨우고자 창작한 7곡의 신작을 특별히 제작한 영상과 함께 초연합니다.호소력 짙은 인성과 타악기를 비롯한 현대 창작 실내",2023-12-01 11:37:15.0
음학학과,2023 TIMF앙상블 아카데미,https://music.jnu.ac.kr/bbs/music/1656/860855/artclView.do,전남대학교 예술대학 음악학과에서 2023 TIMF앙상블 아카데미를 진행합니다.관심있으신 분들의 많은 참여 바랍니다문의) 062-530-3030,2023-11-15 14:38:05.0
음학학과,제40회 추계정기연주회,https://music.jnu.ac.kr/bbs/music/1656/860853/artclView.do,"전남대학교 예술대학 음악학과에서 아래와 같이 ""추계정기연주회""를 개최하오니 관심있으신 분들의 많은 참석 바랍니다. 감사합니다. 문의 062-530-3030",2023-11-15 14:35:39.0
음학학과,2024학년도 전남대학교 수시모집 원서 접수 안내(9.11~9.15.),https://music.jnu.ac.kr/bbs/music/1656/856246/artclView.do,"*전남대학교 홈페이지2024학년도 수시모집 인터넷 원서접수 (jnu.ac.kr)  유의사항  원서접수 중 장애 발생 시 고객센터(유웨이어플라이 ☏ 1588-8988)로 문의하시기 바랍니다. 정해진 기간 내에 반드시 전형료 결제를 완료하고, 본인의 수험번호를 확인하기 바랍니다.※ 『원서접수 확인』 및 『제출서류 도착 확인』은 수험번호로 조회 가능하므로 원서접수 완료 후 반드시 본인의 수험번호를 메모해야 함 원서접수 완료 후에는 원서 내용의 변경 및 접수 취소, 전형료 환불은 불가합니다. 지원자격 서류 제출 대상자는 2023. 9. 1",2023-09-12 10:42:37.0
음학학과,제39회 전남대학교 예술대학 음악학과 춘계정기연주회,https://music.jnu.ac.kr/bbs/music/1656/847288/artclView.do,"전남대학교 예술대학 음악학과에서 아래와 같이 ""춘계정기연주회""를 개최하오니 관심있으신 분들의 많은 참석 바랍니다. 감사합니다. 문의 062-530-3030",2023-05-24 13:53:16.0
음학학과,전남대  ⸳ 서울대 교류음악회 (5월의 Pianists),https://music.jnu.ac.kr/bbs/music/1656/847286/artclView.do,"전남대  ⸳ 서울대 교류음악회 (5월의 Pianists) 에 여러분을 초대하오니 관심 있는 분들의 많은 참석 바랍니다. 전남대와 서울대 피아노전공 학생들이 하이든 피아노 소나타, 베토벤 피아노 소나타 '고별', '열정', 슈만 크라이슬레리아나, 라벨 라발스 등을 연주합니다.일시: 2023. 5. 25.(목) 저녁 7시 30분장소: 전남대학교 예술대학 예향홀공연문의: 010-9184-1267전석초대 *세부내용 첨부파일 참고",2023-05-24 13:42:44.0
음학학과,제12회 작곡발표회,https://music.jnu.ac.kr/bbs/music/1656/846524/artclView.do,아래와 같이 제12회 작곡발표회를 개최하오니관심있으신 분들의 많은 참석 바랍니다.문의) 062-530-0390 음악학과* 본 공연은 자유좌석제로 운영되며 예약 불가함을 알려드립니다.* 프로그램 (첨부 파일 참조),2023-05-16 09:55:27.0
음학학과,음악학과 졸업자격인정기준 변경 알림(학부-장기수료생),https://music.jnu.ac.kr/bbs/music/1656/845246/artclView.do,"음악학과   대학 학과(부) 영역별/ 입학년도 졸업자격 인정기준 비고      예술대학 음악학과 전공영역 2000 이후 1. 전공영역의 평가방법 : 졸업연주회(실기발표) 2. 인정기준 : 실기발표의 인정기준은 100점 만점에 70점으로 평가하고 실기는 공개 발표하여야 한다.    외국어영역 2000-2003  1. 영어, 독일어, 불어, 일어, 중국어, 러시아어(추가), 스페인어(추가)  중 2과목(6학점)이상을 수강하여 아래의 인정기준 중 최소 하나이상을 충족하여야 한다.(2과목이 다른 과목이어도 가능함.)  2. 최소인정기준",2023-05-02 11:35:07.0
음학학과,라흐마니노프 탄생 150주년 기념음악회,https://music.jnu.ac.kr/bbs/music/1656/843988/artclView.do,"라흐마니노프(Sergei Rachmaninoff, 1873-1943) 탄생 150주년 기념음악회에 여러분을 초대합니다.러시아의 대표적 피아니스트이자 작곡가인 라흐마니노프 탄생 150주년을 기념하여 피아노가 포함된 거의 모든 주요 곡들을 3일에 걸쳐 마라톤 연주회로 개최합니다. 관심 있는 분들의 많은 참석 바랍니다.일시: 4. 25.(화) - 4. 27.(목) 저녁 7시 30분장소: 유스퀘어 문화관 금호아트홀공연문의: 010-9184-1267전석초대4/25(화)  Chamber Rachmaninoff - 피아노 트리오, 예술가곡, 첼",2023-04-14 16:51:52.0
음학학과,2023년 전남대 전공 알림아리 선발 안내,https://music.jnu.ac.kr/bbs/music/1656/842885/artclView.do,"○ 전남대학교 입학본부에서는 호남지역 고교생들에게 우리 대학 전공을 안내하여 학생들의 진로 탐색과 구체적인 진학 설계에 도움을 주는 다양한 프로그램을 운영하고 있습니다.○ 프로그램에 참여하여 본인 소속 단과대학의 학과(전공)들을 상세히 소개하고 진로 및 직업분야를 안내하는 고등학생들의 진로-진학멘토로 활동할 전공 알리미를 모집하오니, 학생 여러분들의 많은 관심 부탁드립니다.1. 지원자격: 우리대학 1~2학년 재학생※  활동 기간 중 학적변동(휴학/자퇴/제적 등), 교환학생, 해외파견 등 예정자 지원 불가2. 신청기간: 2023. 3",2023-04-03 13:51:27.0
음학학과,"전남대학교 음악학과 피아노 교수음악회  피아노, 슈만을 만나다",https://music.jnu.ac.kr/bbs/music/1656/841799/artclView.do,"전남대학교 음악학과 피아노 교수음악회 '피아노, 슈만을 만나다' 에 여러분을 초대합니다.독일의 작곡가 슈만(Robert Schumann, 1810-1856)의 주요 피아노 작품들을 음악학과 피아노 교수와 강사진 등 16명의 피아니스트가 연주합니다. 관심 있는 분들의 많은 참석 바랍니다. 세부사항은 첨부파일을 참고하시기 바랍니다. 일시: 2023. 3. 27.(월) ~ 3.31.(금) 저넉 7시 30분장소: 전남대학교 예술대학 예향홀전석 초대문의: 530-3030",2023-03-21 11:35:48.0
음학학과,제30회 관현악 정기연주회,https://music.jnu.ac.kr/bbs/music/1656/841797/artclView.do,아래와 같이 제30회 관현악 정기연주회를 개최하오니관심있으신 분들의 많은 참석 바랍니다.문의) 062-530-0390 음악학과* 본 공연은 자유좌석제로 운영되며 예약 불가함을 알려드립니다.* 프로그램 (첨부 파일 참조),2023-03-21 11:04:20.0
음학학과,제40회 피아노정기연주회,https://music.jnu.ac.kr/bbs/music/1656/841793/artclView.do,아래와 같이 제40회 피아노 정기연주회를 개최하오니관심있으신 분들의 많은 참석 바랍니다.문의) 062-530-0390 음악학과* 본 공연은 자유좌석제로 운영되며 예약 불가함을 알려드립니다.* 프로그램 (첨부 파일 참조),2023-03-21 10:58:35.0
음학학과,2023 전남대학교 예술대학 음악학과 신입생 음악회,https://music.jnu.ac.kr/bbs/music/1656/840386/artclView.do,아래와 같이 2023 전남대학교 예술대학 음악학과 신입생 음악회를 개최하오니관심있으신 분들의 많은 참석 바랍니다.문의) 062-530-0390 음악학과* 본 공연은 사회적 거리두기 좌석제 / 자유좌석제로 운영되며 예약 불가함을 알려드립니다.,2023-03-07 15:44:19.0
음학학과,국제 안토닌 드보르작 작곡콩쿨(IADCC),https://music.jnu.ac.kr/bbs/music/1656/840196/artclView.do,"1차전  1. 신청마감 : 공고일로부터 2023년 4월 7일(금)까지 (우체국 소인)  2.  제출물   a. 참가 신청서 - 1부   ( Download)   b. 자유작품 1곡 - 총 6부     (약 5분-20분 정도, 위 '안내' B항 에 제시한 스타일과 장르에 의함)      [Guideline]     (1) 성악곡          종교적 성악곡, 비종교적 성악곡을 모두 망라한다.           연주형태(독창, 중창, 합창)의 구분을 두지 않는다.          독창 혹은 2중창곡은 다성적(polyphonic) 악기",2023-03-06 16:43:57.0
음학학과,2023학년도 학부 신입생 추가모집 요강 안내(작곡전공),https://music.jnu.ac.kr/bbs/music/1656/838880/artclView.do,2023학년도 전남대학교 신입생 추가모집 요강을 다음과 같이 공고합니다 1. 전형일정   구분 일시 비고   인터넷 원서접수 일반학과(부) 2023. 2. 20.(월) 09:00 ~ 2. 24.(금) 13:00  음악학과(작곡전공) 2명   조기취업형계약학과 2023. 2. 20.(월) 09:00 ~ 18:00     최초합격자 발표 2023. 2. 27.(월) 09:00 예정     등록 2023. 2. 27.(월) 09:00 ~ 15:00     충원합격자 발표 2023. 2. 28.(화) 09:00 ~ 18:00(개별통보),2023-02-20 10:05:04.0
음학학과,2023학년도 1학기 2차 국가장학금 신청 안내,https://music.jnu.ac.kr/bbs/music/1656/837570/artclView.do,"2023학년도 1학기 국가장학금 2차 신청 일정을 다음과 같이 안내합니다가. 신청대상: 재학생*,  복학생,  재입학생, 신입생, 편입생* 재학생은 국가장학금 1차 신청 원칙(2차 신청 시 재학 중 2회에 한하여 지원 가능) 나. 신청기간: '23. 2. 2.(목) ~ 3. 15.(수) 18:00 (총 42일간)- 서류제출 및 가구원 정보제공 동의 기간:  '23. 2. 2.(목) ~ '23. 3. 22.(수) 18:00※ 주말․공휴일 포함 24시간 신청 가능, 마지막 날은 18시 마감※ 여수캠퍼스 학생:  전남대학교(본교)  선택",2023-02-01 16:54:48.0
음학학과,군산시립교향악단 제151회 정기연주회 협연자 모집 공고,https://music.jnu.ac.kr/bbs/music/1656/836824/artclView.do,"군산시립교향악단에서는 클래식 음악의 활성화 및 음악성이 뛰어난 인재를 발굴 육성하고, 시립교향악단과의 연주 기회를 제공하고자 협연자를 다음과 같이 공모하고자 하오니 학생들의 많은 관심 바랍니다.붙임 1. 협연자 모집 공고문 1부.      2. 협연자 오디션 참가 신청서 1부.  끝.",2023-01-18 18:16:48.0
음학학과,2023학년도 정시모집 안내 (음악학과 작곡전공),https://music.jnu.ac.kr/bbs/music/1656/835523/artclView.do,2023학년도 정시 모집(나군) 안내드리오니 많은 분들의 지원 바랍니다.전남대 입학 홈페이지 https://admission.jnu.ac.kr/IndexMain.aspx1. 원서접수 : 2022.12.29.(목) 09:00 ~ 2023.1.2.(월) 18:002. 서류제출 : 2022.12.29.(목) 09:00 ~ 2023.1.3.(화) 18:003. 모집단위별 모집인원 : 나군 - 실기/실적(일반 전형) 작곡전공 3명4. 나군실기일: 2023.1.18.(수) (지정 시각 및 자세한 사항은 1.11.(수) 전남대 홈페이지에 게시,2022-12-30 17:49:40.0
음학학과,2023학년도 편입학 (일반/학사) 모집 안내(예술대학 음악학과),https://music.jnu.ac.kr/bbs/music/1656/835522/artclView.do,2023학년도 편입학 (일반/학사) 모집 요강을 안내(예술대학 음악학과)드리오니 많은 분들의 지원 바랍니다.  전남대학교 입학 홈페이지 https://admission.jnu.ac.kr/IndexMain.aspxIV. 지원자격: 첨부 모집요강 확인*학사편입의 경우 동일계열 학과가 아닌경우 졸업년도 상이할 수 있음.(ex. 전공실기 4학기 미 이수 시 추가 등록할 수 있음),2022-12-30 17:41:14.0
음학학과,2023학년도 전기 일반대학원 신입생 모집 홍보자료 배포,https://music.jnu.ac.kr/bbs/music/1656/830658/artclView.do,첨부와 같이 2023학년도 전기 일반대학원 신입생 모집 홍보자료를 배포하오니 참고하시기 바랍니다.음악학과,2022-10-25 16:17:22.0
음학학과,22.9.1. 자 (2차) 신규 강사 공개채용 1단계 합격자(관현악) 2단계 오디션 및 공개강의 곡목 안내,https://music.jnu.ac.kr/bbs/music/1656/824749/artclView.do,"'22.9.1. 자 (2차) 신규 강사 공개채용 1단계 합격자(관현악) 2단계 오디션 및 공개강의 곡목 안내*일시: 2022.8.11.(목) 오전 10시 (대기실 입실 09:30까지) *장소: 대기실 예술대학 3호관 109호 / 오디션장 예술대학 3호관 103호*반주자는 본인이 동반, 공개강의 학생 학과 지정, 연습시간 부여함.*공개강의 곡목 - B. Trb. : Thom Ritter George Concerto for Bass Trombone  - 실내악 : C. Hubler - Concerto for Four Horns",2022-08-10 14:46:02.0
음학학과,22. 9. 1.자 (2022학년도 2학기) 전남대학교 예술대학    음악학과 신규 강사 공개채용 2차 공고,https://music.jnu.ac.kr/bbs/music/1656/824174/artclView.do,"'22. 9. 1.자 ('22학년도 2학기) 전남대학교 예술대학 음악학과 강사 공개 채용(2차)을 다음과 같이 공고하오니 많은 지원 바랍니다.   '22. 9. 1.자 (2022학년도 2학기) 전남대학교 예술대학  음악학과 신규 강사 공개채용 2차 공고   1. 모집분야 및 모집인원- 관현악전공(2명 - 바순1명, 베이스트럼본 1명)- 작곡전공(1명) 2. 전형방법(반드시 전남대학교 홈페이지-공지사항에서 공통서류, 추가서류 사항 확인)(1) 1차 : 전공 1단계 심사(서류심사)가) 최근 5년 이내 발표된 실기실적물(10편 이내)의",2022-08-01 13:39:30.0
음학학과,(수정) 22.9.1. 자 신규 강사 공개채용 1단계 합격자(성악) 2단계 오디션 및 공개강의 조편성 안내,https://music.jnu.ac.kr/bbs/music/1656/823591/artclView.do,"'22.9.1. 자 신규 강사 공개채용 1단계 합격자(성악) 2단계 오디션 및 공개강의 조편성 안내  *일시: 2022.7.26.(화) 오전 10 ~ (조편성 확인 후 대기실 입실시간 엄수)  *장소: 대기실 예술대학 3호관 109호 / 오디션장 예술대학 3호관 101호(예향홀)  *조별 시작시간 30분 전 입실, 반주자는 본인이 동반, 연습시간 부여함.    *교과목 강의 담당자는 PPT활용 가능, 학교 기자재 활용.  *실기, 교과목 중복자는 연주 후 교과목 강의  *조편성     조 시간 접수번호   1조 10:00~ R202",2022-07-21 14:39:01.0
음학학과,(2차 수정) 22.9.1. 자 신규 강사 공개채용 1단계 합격자(피아노) 2단계 오디션 조편성 안내,https://music.jnu.ac.kr/bbs/music/1656/823586/artclView.do,"'22.9.1. 자 신규 강사 공개채용 1단계 합격자(피아노) 2단계 오디션 조편성 안내  *일시: 2022.7.22.(금) 오전 10 ~ (조편성 확인 후 대기실 입실시간 엄수)  *장소: 대기실 예술대학 1호관 109호(지음홀) / 오디션장 예술대학 3호관 101호(예향홀)  *조별 시작시간 30분 전 입실, 연습시간 부여함.   *조편성    조 시간 접수번호   1조 10:00~ R202203572 R202203838 R202203928 R202203951   2조 11:00~ R202203955 R202204034 R202",2022-07-21 14:12:50.0
음학학과,(수정) 22.9.1. 자 신규 강사 공개채용 1단계 합격자(관현악) 2단계 오디션 조편성 및 공개강의 곡목 안내,https://music.jnu.ac.kr/bbs/music/1656/823579/artclView.do,"'22.9.1. 자 신규 강사 공개채용 1단계 합격자(관현악) 2단계 오디션 조편성 및 공개강의 곡목 안내*일시: 2022.7.22.(금) 오전 10 ~ (조편성 확인 후 대기실 입실시간 엄수)*장소: 대기실 예술대학 3호관 109호 / 오디션장 예술대학 3호관 103호*반주자는 본인이 동반, 공개강의 학생 학과 지정, 연습시간 부여함.*현악 1조   악기 접수번호 입실 시간 09:30 시작 시간 10:00   Vn. R202203680   Vn. R202203822   Vn. R202204499   Vn. R202204670",2022-07-21 13:58:31.0
음학학과,(수정)2022.9.1.자 (2022학년도 2학기) 전남대 예술대학 음악학과 강사 공개채용 공고,https://music.jnu.ac.kr/bbs/music/1656/822804/artclView.do,"'22. 9. 1.자 ('22학년도 2학기) 전남대학교 예술대학 음악학과 강사 공개 채용을 다음과 같이 공고하오니 많은 지원 바랍니다.   '22. 9. 1.자 (2022학년도 2학기) 전남대학교 예술대학  음악학과 신규 강사 공개채용 공고   1. 모집분야 및 모집인원- 첨부파일 참고(붙임2) 2. 전형방법(1) 1차 : 전공 1단계 심사(서류심사)가) 최근 5년 이내 발표된 실기실적물(10편 이내)의 증빙자료(작곡전공은 악보제출, 피아노전공은 독주회 1회 이상 포함) 각 1부나) 대표실적물 : 제출한 실적물 중 1편을 질적 심사",2022-07-09 10:30:24.0
음학학과,전남대학교 개교70주년 기념 제3회 정기 오페라  카르멘,https://music.jnu.ac.kr/bbs/music/1656/819134/artclView.do,아래와 같이 전남대학교 개교 70주년 기념 제3회 정기오페라  카르멘  을 개최하오니많은 관심과 참여 바랍니다. 티켓: 전석 무료 공연 1시간전 선착순 좌석권 교환문의: 062-530-3030 음악학과 사무실,2022-05-27 11:36:06.0
음학학과,2022학년도 후기 일반대학원 신입생 모집 홍보자료,https://music.jnu.ac.kr/bbs/music/1656/819131/artclView.do,첨부와 같이 2022학년도 후기 일반대학원 신입생 모집 홍보자료를 배포하오니 참고하시기 바랍니다.음악학과,2022-05-27 11:32:40.0
음학학과,제37회 전남대학교 예술대학 음악학과 춘계정기연주회,https://music.jnu.ac.kr/bbs/music/1656/816907/artclView.do,아래와 같이 제 37회 전남대학교 예술대학 음악학과 춘계정기연주회를 개최하오니관심있으신 분들의 많은 참석 바랍니다.문의) 062-530-0390 음악학과* 본 공연은 자유좌석제로 운영되며 예약 불가함을 알려드립니다.* 프로그램 (첨부 파일 참조),2022-04-29 13:53:10.0
음학학과,제29회 전남대학교 예술대학 음악학과 관현악 정기연주회,https://music.jnu.ac.kr/bbs/music/1656/814094/artclView.do,아래와 같이 2022 전남대학교 예술대학 음악학과 관현악 정기연주회를 개최하오니관심있으신 분들의 많은 참석 바랍니다.문의) 062-530-0390 음악학과* 본 공연은 사회적 거리두기 좌석제 / 자유좌석제로 운영되며 예약 불가함을 알려드립니다.* 프로그램 (첨부 파일 참조),2022-03-24 17:08:59.0
음학학과,제39회 전남대학교 예술대학 음악학과 피아노 정기연주회,https://music.jnu.ac.kr/bbs/music/1656/813645/artclView.do,아래와 같이 2022 전남대학교 예술대학 음악학과 피아노 정기연주회를 개최하오니관심있으신 분들의 많은 참석 바랍니다.문의) 062-530-0390 음악학과* 본 공연은 사회적 거리두기 좌석제 / 자유좌석제로 운영되며 예약 불가함을 알려드립니다.* 프로그램 (첨부 파일 참조),2022-03-21 16:18:23.0
음학학과,2022 신입생 음악회,https://music.jnu.ac.kr/bbs/music/1656/812751/artclView.do,아래와 같이 2022 전남대학교 예술대학 음악학과 신입생 음악회를 개최하오니관심있으신 분들의 많은 참석 바랍니다.문의) 062-530-0390 음악학과* 본 공연은 사회적 거리두기 좌석제 / 자유좌석제로 운영되며 예약 불가함을 알려드립니다.* 프로그램 (첨부 파일 참조),2022-03-11 11:42:44.0
음학학과,2022학년도 전기 박사과정 논문작성계획서 발표회 안내,https://music.jnu.ac.kr/bbs/music/1656/811934/artclView.do,음악학과 박사과정 논문작성계획서 발표회 안내오늘 3.3.(목) 13:00에 음악학과 박사과정 논문작성계획서 발표가 예3-315에서 대면/비대면으로 개최됨을 안내드립니다. Zoom 회의 참가 https://jnu-ac-kr.zoom.us/j/92423875856?pwd=OHVMMFY2cE1tN3hCdnZ1SXN4WnVGQT09회의 ID: 924 2387 5856암호: 344036발표자:1. LI XIAO2. 강보란 3. LIU YANHUA4. 김정태5. 권미리6. 이은주음악학과,2022-03-03 12:34:20.0
음학학과,2022학년도 신(편)입생 학생증(스마트카드) 발급 안내,https://music.jnu.ac.kr/bbs/music/1656/810824/artclView.do,"가. 신청대상: 2022학년도 신입생(학부, 편입, 대학원)  ※ 외국인 학생은 학생증카드 대면(오프라인)발급만 가능  나. 신청기간: 2022. 3. 2.(수) ~ 2022. 3. 6.(일)  다. 발급일정 및 신청방법: (붙임 1) 참조 라. 사진파일 확인 및 승인: 학과 담당자(조교)  - 승인 기간: 2022. 3. 2.(수) ~ 2022. 3. 7.(월)예술대학 1,3호관 출입 신청은 학생증 발급 후 학과실 방문하여 신청서 작성해주시기 바랍니다.    붙임 1. 2022학년도 신(편)입생 학생증(스마트카드) 발급 안내 1",2022-02-17 09:30:46.0
음학학과,2022학년도 1학기 비전임교원(겸임) 채용 공고,https://music.jnu.ac.kr/bbs/music/1656/807504/artclView.do,"2022학년도 1학기전남대학교 예술대학 음악학과 비전임교원(겸임교원) 채용 공고   1. 채용분야 및 인원채용분야(교과목)채용인원담당 교과목명비고관현악전공(비올라)1관현악전공실기1,3,5,7   총 계1         2. 지원자격 가. ｢국가공무원법｣제33조에 정한 결격사유에 해당하지 않는 자 나. 고등교육법 제16조 및 대학교원 자격기준 등에 관한 규정 제2조에 따른 조교수 이상의 자격기준을 갖춘 자 다. 임용예정일 기준 만 65세 이하인 사람(1954. 9. 1. 이후 출생자) 라. 교수 및 연구내용이 원소속기관의 직무내용과",2022-01-11 16:06:22.0
음학학과,2021학년도 예술대학 맞춤공모전 「진로진학 포트폴리오 경진대회」안내,https://music.jnu.ac.kr/bbs/music/1656/807437/artclView.do,"예술대학 학생들에게 학업수행의 동기를 부여하고, 포스트코로나 시대를 맞이하면서 자기 주도적 학습 방법을 발굴하고 적용할 수 있는 길라잡이를 제공하기 위한 2021학년도 예술대학 맞춤공모전 「진로 진학 포트폴리오 경진대회」 프로그램을 다음과 같이 계획하여 진행하고자 합니다. 1. 프로그램명: 2021학년도 예술대학 맞춤공모전 「진로 진학 포트폴리오 경진대회」2. 일시: 2022. 1. 11.(화) ~ 2. 16.(수) [4주]3. 대상자: 예술대학 재학생 1~4학년 중 경진대회 참여자 40명 이내(예정)붙임 2021학년도 예술대학 맞",2022-01-11 10:45:21.0
음학학과,2022학년도 편입학(일반/학사)전형 모집요강 안내,https://music.jnu.ac.kr/bbs/music/1656/805038/artclView.do,"2022학년도 편입학(일반/학사)전형 모집요강을 붙임과 같이 공고합니다.2021. 12. 3.전남대학교[수정게시] *게시일자: 2021. 12. 13.*수정내용: 일반편입학전형 공과대학 화학공학부 전공별 인원배정(모집요강 4쪽)     - 변경 이전: 광주캠퍼스 공과대학 화학공학부(화학공정전공, 화공안전전공, 화공소재전공) 모집인원 40명     - 변경 이후: 광주캠퍼스 공과대학 화학공학부 화학공정전공 모집인원 13명, 화학공학부 화공안전전공 5명, 화학공학부 화공소재전공 22명※ 편입학전형 관련 자세한 문의는 062-530-10",2021-12-15 17:50:54.0
음학학과,제67회 전남대학교 음악학과 전임교원 채용 공개강의 참여 안내,https://music.jnu.ac.kr/bbs/music/1656/803802/artclView.do,"전남대학교 예술대학 음악학과에서 제67회 전임교원 신규 채용을 위한 공개강의가 아래와 같이 예정되어 있으니, 학부 및 대학원생들의 많은 관심과 참여를 바랍니다.*참석하고자 할 시, 사전에 학과사무실(062-530-3030)로 연락주시기 바랍니다.                                - 아 래 -  내 용 : 제67회 전남대학교 음악학과 전임교원 채용 공개강의  일 시 : 2021년 12월 6일 14:15~  장 소 : 전남대학교 용봉홀(대학본부 좌측 입구)※ 유의사항- 거리두기 좌석제를 운영하여 참석인원을 50명",2021-12-03 16:34:39.0
음학학과,제10회 작곡발표회,https://music.jnu.ac.kr/bbs/music/1656/469419/artclView.do,전남대학교 예술대학 음악학과 작곡전공제10회 작곡발표회를 개최합니다.,2021-05-26 14:29:50.0
음학학과,2020학년도 2학기 음악학과 비전임교원(겸임교원) 채용 공고,https://music.jnu.ac.kr/bbs/music/1656/469418/artclView.do,2020학년도 2학기 전남대학교 음악학과 비전임교원(겸임교원) 채용 공고    1. 채용분야 및 인원   채용분야(교과목) 채용인원 비고   관현악전공(관현악전공실기) 1 트럼본   총 계 1      2. 지원자격  가. ｢국가공무원법｣제33조에 정한 결격사유에 해당하지 않는 자  나. 고등교육법 제16조 및 대학교원 자격기준 등에 관한 규정 제2조에 따른 조교수 이상의 자격기준을 갖춘 자  다. 임용예정일 기준 만 65세 이하인 사람(1954. 9. 1. 이후 출생자)  라. 교수 및 연구내용이 원소속기관의 직무내용과 유사,2020-07-16 13:41:55.0
음학학과,2019학년도 2학기 음악학과 비전임교원(겸임교원) 채용 공고,https://music.jnu.ac.kr/bbs/music/1656/469417/artclView.do,"2019학년도 2학기 전남대학교 예술대학 음악학과 비전임교원(겸임교원) 채용 공고    1. 채용분야 및 인원   채용분야(교과목) 채용인원 담당 교과목명 비고   관현악전공(타악기) 1 관현악전공실기2,4 관현악전공실기3(대학원)     총 계 1        2. 지원자격  가. ｢국가공무원법｣제33조에 정한 결격사유에 해당하지 않는 자  나. 고등교육법 제16조 및 대학교원 자격기준 등에 관한 규정 제2조에 따른 조교수 이상의 자격기준을 갖춘 자  다. 임용예정일 기준 만 65세 이하인 사람(1954. 9. 1. 이후 출",2019-08-22 14:16:42.0
음학학과,2019학년도 2학기 음악학과 2차 강사채용 공고,https://music.jnu.ac.kr/bbs/music/1656/469416/artclView.do,◈ 2019학년도 2학기 음악학과 2차 강사채용 공고 ◈                            1. 모집분야 및 모집인원 : 전남대학교 홈페이지 공지사항 첨부파일 참고(붙임2)            2. 전형방법 : 전남대학교 홈페이지 공지사항 첨부파일 참고(붙임1)            (1) 1차 : 전공 1단계 심사(서류심사)            (2) 2차 : 전공 2단계 심사(실기 및 교육능력 심사)             관현악             (1) 1차 : 최근 5년 이내 발표된 실기실적물(10편 이내)의,2019-08-05 17:56:38.0
음학학과,2019년 전남대학교 중고등학생 음악경연대회 미개최 알림,https://music.jnu.ac.kr/bbs/music/1656/469415/artclView.do,2019년 전남대학교 전국 중고등학생 음악경연대회는 학과 사정으로 개최하지 않음을 알려드립니다.    전남대학교 예술대학 음악학과장,2019-07-26 13:36:21.0
음학학과,2019학년도 후기 대학원 외국어 및 종합시험 공고,https://music.jnu.ac.kr/bbs/music/1656/469414/artclView.do,"2019학년도 후기 대학원 외국어 및 종합시험 공고     2019학년도 후기 대학원 외국어 및 종합시험 일시와 장소를 아래와 같이 공고합니다. - 준비물: 수험표, 신분증, 필기도구     1. 시험 일시 일자시험종류분야별시험시간과정별2019. 7. 31.(수)종합시험1분야09:30   10:40석 박사과정2분야11:00   12:10석 박사과정3분야13:00   14:10석 박사과정4분야14:30   15:40박사과정2019. 8.  1.(목)외국어시험외국어시험(1과목)09:30   10:40석 박사과정   2. 시험 장소 일자",2019-07-26 13:07:17.0
음학학과,2019학년도 2학기 음악학과 강사 공개채용 공고,https://music.jnu.ac.kr/bbs/music/1656/469413/artclView.do,◈ 2019학년도 2학기 음악학과 강사 공개채용 공고 ◈                             1. 모집분야 및 모집인원 : 첨부파일 참고(붙임1)                2. 전형방법            (1) 1차 : 전공 1단계 심사(서류심사)             작  곡 : 최근 5년 이내 발표된 실기실적물(10편 이내)의 증빙자료(작곡전공은 악보도 제출) 각 1부.                      서양음악사 지원자는 5년 이내의 논문 발표 실적물 1부.                 (2) 2차 : 전,2019-07-11 13:41:50.0
음학학과,2019-2학기 음악학과 조교 공개채용 공고,https://music.jnu.ac.kr/bbs/music/1656/469412/artclView.do,,2019-07-01 14:30:53.0
음학학과,"2019학년도 후기 외국어, 종합시험 및 면제처리 시행 계획 안내",https://music.jnu.ac.kr/bbs/music/1656/469411/artclView.do,"2019학년도 후기 외국어, 종합시험 및 면제처리 시행 계획 안내해드리오니,첨부문서 참고하시기 바랍니다.",2019-06-11 10:54:32.0
음학학과,예술대학 음악학과 춘계정기연주회,https://music.jnu.ac.kr/bbs/music/1656/469410/artclView.do,"음악학과에서 다음과 같이 정기연주회를 개최하오니 관심 있는 분들의 많은 참여  바랍니다.   2019학년도 전남대학교 예술대학 음악학과  ""정기연주회""* 일  시 : 2019년 5월 23일(목) *  장  소 : 전남대학교 민주마루  *  전석 초대. 공연문의 062-530-3030              첨부 : 연주회  포스터",2019-05-10 14:05:53.0
음학학과,공인 외국어 능력시험 응시료 지원,https://music.jnu.ac.kr/bbs/music/1656/469409/artclView.do,"공인 외국어 능력시험 응시료  다음과 같이 공인 외국어 능력시험 응시료를 학과에서 지원해주니 응시 후 성적증명서 사본을 학과실에 제출해 주시기 바랍니다.     1. 재학 중 1인당 1회에 한해서 지원2. TOEIC (44,500원) 전액 지원 / TOEFL , Goethe Zertifikat 8만원 지원                   음악학과장",2019-05-02 10:22:33.0
음학학과,2019 광주성악콩쿠르 참가자 모집 안내,https://music.jnu.ac.kr/bbs/music/1656/469408/artclView.do,정율성음악축제 2019 광주성악콩쿠르 참가자 모집공고            광주광역시와 (재)광주문화재단은 광주 출신 중국 3대 혁명 음악가 정율성 선생의 음악과 예술혼을 널리 알리고 실력 있는 차세대 성악가 발굴 및 육성을 위한 정율성음악축제‘2019 광주성악콩쿠르’를 아래와 같이 개최합니다.   재능있는 학생들이 참여 할 수 있도록 많은 관심 부탁드립니다.     □ 2019 광주성악콩쿠르 안내  가. 참가자격 : 성악전공자로 만20세 이상 ~ 만35세 이하                 (1984.1.1. ~ 1999.12.31.,2019-05-01 13:49:29.0
음학학과,졸업생의 연습실 예약신청 권한 해지,https://music.jnu.ac.kr/bbs/music/1656/469407/artclView.do,"2019. 4. 3.자로 졸업생들의 예술대 1호관, 3호관 연습실 예약신청 권한을 해지하오니, 졸업생들은 협조 부탁드립니다.단, 빈 연습실 사용은 할 수 있으니 참고하시기 바랍니다. -음악학과-",2019-04-04 18:10:18.0
음학학과,2019학년도 예술대학 신입생 오리엔테이션 계획,https://music.jnu.ac.kr/bbs/music/1656/469406/artclView.do,"2019학년도 예술대학 신입생 오리엔테이션 계획 1. 일자 : 2019. 2. 13.(수) 2. 세부일정 주관구분프로그램 내용 장소예술대학전체학장 인사말 및 교수 소개학교폭력 예방 특강예향홀음악학과만남- 학생회장 및 전공대표 인사말예향홀학사 안내 - 희망지도교수 신청 - 2019년 1학기 수강신청 지도 - 전공별 교과과정 설명 - 졸업자격인정 기준(전공, 외국어) 안내예향홀참여(기타행사) - 전공별 모임 합창실,합주실,202호,작곡실",2019-02-07 18:13:59.0
음학학과,2019년도 전기 대학원 외국어 및 종합시험 공고,https://music.jnu.ac.kr/bbs/music/1656/469405/artclView.do,"2019학년도 전기 대학원 외국어 및 종합시험 공고     2019학년도 전기 대학원 외국어 및 종합시험 일시와 장소를 아래와 같이 공고합니다. - 준비물:  수험표, 신분증, 필기도구        1. 시험 일시  일자시험종류분야별시험시간과정별2019. 1. 30.(수)종합시험1분야09:30 ∼ 10:40석·박사과정2분야11:00 ∼ 12:10석·박사과정3분야13:00 ∼ 14:10석·박사과정4분야14:30 ∼ 15:40박사과정2019. 1. 31.(목)외국어시험외국어시험(1과목)09:30 ∼ 10:40석·박사과정   2. 시험",2019-01-28 23:58:29.0
음학학과,2019학년도 1학기 음악학과 시간강사 공채 미실시 안내,https://music.jnu.ac.kr/bbs/music/1656/469404/artclView.do,※2019학년도 1학기 음악학과 시간강사 공채 미실시 안내  2019학년도 1학기 음악학과 시간강사 신규 채용은 없으니 참고하시기 바랍니다.   전남대학교 예술대학 음악학과장,2018-12-21 13:39:11.0
음학학과,예술대학 음악학과 정기연주회,https://music.jnu.ac.kr/bbs/music/1656/469403/artclView.do,"음악학과에서 다음과 같이 정기연주회를 개최하오니 관심 있는 분들의 많은 참여 바랍니다.   2018학년도 전남대학교 예술대학 음악학과 ""정기연주회""* 일  시 : 2018년 11월 22일(목) * 장  소 : 전남대학교 민주마루  * 전석 초대. 공연문의 062-530-3030              첨부 : 연주회 리플렛",2018-11-16 17:53:15.0
음학학과,김원미 마스터클래스,https://music.jnu.ac.kr/bbs/music/1656/469402/artclView.do,김원미 마스터클래스2018년 10월 26일 금요일 11시예술대학 1호관 지음홀,2018-10-17 16:10:46.0
음학학과,CNU NEW MUSIC DAYS 2018,https://music.jnu.ac.kr/bbs/music/1656/469401/artclView.do,CNU NEW MUSIC DAYS 2018 작품 공모     category 1 Composition Major Premiere Consert  10/31 Wed. 7:00 pm자유로운 편성의 미발표 작품     category 2Multimedia Music Concert 10/29 Mon. 7:00 pm다양한 매체를 사용한 컴퓨터음악 작품     2018년 10월 15일 오후5시까지     1. 제목(편성 포함)  2. 작품해설 3. 작곡가 간략프로필 4. 프로필사진 5. 악보 (컴퓨터음악인 경우 음원)      musicsu,2018-09-20 17:54:46.0
음학학과,제10회 전남대학교 전국 중 · 고등학생 음악경연대회 수상자 명단,https://music.jnu.ac.kr/bbs/music/1656/469400/artclView.do,제10회 전남대학교 전국 중 · 고등학생 음악경연대회 수상자 명단 피아노 입상자    심사위원신수경 (전남대)박은식 (전남대)허정화 (순천대)        중등부1등    9번 진호영 (광주동명중)2등   13번 장서윤 (목포중앙여중)      14번 김지우 (홈스쿨)3등   15번 김민중 (순천팔마중)장려   5번 이솔비 (목포애향중)       6번 김민서 (목포하당중)        고등부  1등    5번 윤다예 (전남예고)3등   18번 김정찬       28번 박세연 (부영여고)      46번 배준희 (전남예고),2018-09-01 16:26:46.0
음학학과,제10회 전국 중고등학생 음악경연대회 세부일정표 (세부일정표),https://music.jnu.ac.kr/bbs/music/1656/469399/artclView.do,제10회 전남대학교 전국 중.고등학생 음악경연대회 세부 일정표                                                                 개최일시 : 2018. 9. 1.(토)           부    문입실완료시간시작시간대기장소경연장소예          선피아노9:2010:003호관 109예향홀현  악 10:0010:301호관 2081호관 지음홀관 악10:0010:303호관 1063호관 103성  악10:0010:303호관 2023호관 423본     선피아노13:3014:003호관 10,2018-08-29 14:57:53.0
음학학과,제10회 전남대학교 전국 중고등학생 음악경연대회,https://music.jnu.ac.kr/bbs/music/1656/469398/artclView.do,⁎ 증빙서류 필수제출입니다,2018-07-20 13:07:14.0
음학학과,2018학년도 후기 대학원 외국어 및 종합시험 공고,https://music.jnu.ac.kr/bbs/music/1656/469397/artclView.do,"2018학년도 후기 대학원 외국어 및 종합시험 공고  2018학년도 후기 대학원 외국어 및 종합시험 일시와 장소를 아래와 같이 공고합니다. - 준비물:  수험표, 신분증, 필기도구                                                                             1. 시험 일시 일자시험종류분야별시험시간과정별2018. 8. 1.(수)종합시험1분야09:30 ∼ 10:40석·박사과정2분야11:00 ∼ 12:10석·박사과정3분야13:00 ∼ 14:10박사과정2018. 8. 2.(목)외국",2018-07-19 16:22:39.0
음학학과,2018-2학기 음악학과 조교 모집 공고,https://music.jnu.ac.kr/bbs/music/1656/469396/artclView.do,,2018-07-06 17:43:39.0
음학학과,2018학년도 1학기 음악학과 시간강사 모집공고,https://music.jnu.ac.kr/bbs/music/1656/469395/artclView.do,,2017-12-04 17:10:14.0
음학학과,제9회 전남대학교 전국 중고등학생 음악경연대회 수상자 명단,https://music.jnu.ac.kr/bbs/music/1656/469394/artclView.do,"제 9회 전남대학교 전국 중 · 고등학생 음악경연대회 수상자 명단  성악 입상자 중등부3등   1번 정유진장려  2번 박소현고등부1등   21번 김은지2등   15번 조가은3등   10번 김민수, 11번 강혜원장려  17번 오경석, 25번 이소연* 성악 수상자는 마스터클래스가 예정되어 있습니다 (추후 개별 공지)  피아노 입상자 중등부1등  1번 박하원 2등  9번 김민서, 15번 이성호, 3등  8번 장서윤 고등부1등  45번 김정우 2등  29번 전민재3등  35번 양다원장려 2번 정혜림, 15번 김지윤, 66번 윤혜영",2017-09-02 17:28:18.0
음학학과,제9회 전국 중고등학생 음악경연대회 세부일정표  (세부일정표),https://music.jnu.ac.kr/bbs/music/1656/469393/artclView.do,제9회 전남대학교 전국 중.고등학생 음악경연대회 세부 일정표                                                                 개최일시 : 2017. 9. 2.(토)          부    문입실완료시간시작시간대기장소경연장소예          선피아노9:3010:003호관 109예향홀현  악 9:3010:001호관 2081호관 지음홀관  악9:3010:003호관 1063호관 103성  악9:3010:003호관 2023호관 423본     선피아노13:3014:003호관 109예향홀현,2017-08-29 15:15:58.0
음학학과,제9회 전남대학교 전국 중고등학생 음악경연대회,https://music.jnu.ac.kr/bbs/music/1656/469392/artclView.do,* 추가접수에 대한 문의가 많아 콩쿨 접수 기간을 8/31(목) 24:00까지 연장합니다.,2017-07-06 09:58:46.0
음학학과,제8회 전남대학교 전국 중고등학생 음악경연대회 수상자 명단,https://music.jnu.ac.kr/bbs/music/1656/469391/artclView.do,제 8회 전남대학교 전국 중 · 고등학생 음악경연대회 수상자 명단          피아노 입상자     심사위원문현옥 (전남대)신수경 (전남대)박은식 (전남대)          중등부  1등   15번 김세진 (장덕중)  2등   10번 양보미 (대성여중)  3등   12번 이성호 (서강중)장려   3번 정현우 (영산중)          고등부  1등   77번 김연지 (전남예고)  2등    42번 이다연 (광주예고)             54번 이신화 (광주예고)  3등   19번 박인하 (전주예고)             52번,2016-09-03 16:43:45.0
음학학과,제8회 전국 중고등학생 음악경연대회 세부일정표,https://music.jnu.ac.kr/bbs/music/1656/469390/artclView.do,,2016-08-29 15:32:44.0
음학학과,제8회 전남대학교 전국 중고등학생 음악경연대회,https://music.jnu.ac.kr/bbs/music/1656/469389/artclView.do,* 추가접수에 대한 문의가 많아 콩쿨 접수 기간을 8/28(일) 12:00까지 연장합니다.,2016-07-21 09:36:06.0
음학학과,2016학년도 2학기 음악학과 시간강사 모집공고,https://music.jnu.ac.kr/bbs/music/1656/469388/artclView.do,,2016-06-17 18:02:57.0
음학학과,2016학년도 1학기 예술대학 음악학과 시간강사 모집공고,https://music.jnu.ac.kr/bbs/music/1656/469387/artclView.do,,2015-12-30 17:45:35.0
음학학과,제7회 전국 중고등학생 음악경연대회 세부일정표,https://music.jnu.ac.kr/bbs/music/1656/469386/artclView.do,,2015-08-31 16:08:06.0
음학학과,제7회 전남대학교 전국 중고등학생 음악경연대회,https://music.jnu.ac.kr/bbs/music/1656/469385/artclView.do,,2015-07-20 15:40:01.0
음학학과,제23회 예술대학 음악학과 관현악정기연주회,https://music.jnu.ac.kr/bbs/music/1656/469384/artclView.do,,2015-05-04 15:29:00.0
음학학과,전남대학교 예술대학 예향홀 재개관 음악회,https://music.jnu.ac.kr/bbs/music/1656/469383/artclView.do,,2015-04-21 11:22:17.0
음학학과,2015학년도 1학기 예술대학 음악학과 시간강사 모집공고,https://music.jnu.ac.kr/bbs/music/1656/469382/artclView.do,,2014-12-05 17:01:42.0
음학학과,2015학년도 전기 대학원 입학전형 실기고사 일정표,https://music.jnu.ac.kr/bbs/music/1656/469381/artclView.do,,2014-11-07 10:26:03.0
음학학과,제30회 전남대학교 예술대학 음악학과  정기연주회,https://music.jnu.ac.kr/bbs/music/1656/469380/artclView.do,"제30회 전남대학교 예술대학 음악학과 정기연주회  일시 : 2014년 11월 10일(월) 7:30 pm장소 : 광주문화예술회관 대극장지휘 : 황성규연주 : 전남대학교 오케스트라, 합창단  ProgramD. Shostakovich - Festive Overture  C. Gounod - “L’amour L’amour... Ah,Love-Toi Soleil” from opera Romeo   Juliet  / Tenor 박관희  W. A. Mozart - Clarinet Concerto  / Clarinet 정진용        I. A",2014-11-06 13:15:01.0
음학학과,제6회 전국 중고등학생 음악경연대회 세부일정표,https://music.jnu.ac.kr/bbs/music/1656/469379/artclView.do,,2014-09-05 10:47:32.0
음학학과,2014학년도 2학기 전남대학교 문화예술교육원 모집요강 안내,https://music.jnu.ac.kr/bbs/music/1656/469378/artclView.do,"2014학년도 2학기 전남대학교 문화예술교육원 가. 원서접수 및 수강신청: 2014. 7. 28.(월) ~ 8. 14.(목) 18:00           나. 등록기간: 2014. 8. 20.(수) ~ 8. 25.(월)            다. 모집분야 및 인원: 「문화예술교육 지원법」 시행령 제18조의 규정에 따른 2급 문화예술                                   교육사 교육과정(국악, 음악, 미술, 디자인, 공예) 분야별 약간명            라. 지원자격             - 전공자: 대학 및",2014-07-21 16:07:00.0
음학학과,"제6회 전남대학교 전국 중,고등학생 음악 경연대회",https://music.jnu.ac.kr/bbs/music/1656/469377/artclView.do,,2014-07-07 10:24:06.0
음학학과,2014년도 상반기 전남대학교 전임교원 특별채용 공고,https://music.jnu.ac.kr/bbs/music/1656/469376/artclView.do,"2014년도 상반기전남대학교 전임교원 특별채용 공고1. 초빙분야 및 인원대학학과초빙분야초빙인원최소자격요건예술대학음악학과성악(테너,바리톤)1최근 4년간 실기실적 500%    2. 지원 자격1) ?국가공무원법?제33조에 정한 결격사유에 해당하지 않는 자2) ?교수자격기준 등에 관한 규정?제2조 별표의 자격기준에 적합한 자3) 석사학위 취득 후 3년 이상의 교육경력 또는 연구경력이 있는 자4) 국내?외 유수 콩쿨 입상 경력 및 전문 오페라단 주역 가수 경력이 있는 자5) 병역을 필한 자 또는 면제 받은 자  3. 전형방법1) 1차 :",2014-07-07 10:14:30.0
음학학과,2014학년도 1학기 예술대학 음악학과 시간강사 모집공고,https://music.jnu.ac.kr/bbs/music/1656/469375/artclView.do,,2013-11-18 18:26:51.0
음학학과,제5회 전국 중고등학생 음악경연대회 세부일정표,https://music.jnu.ac.kr/bbs/music/1656/469374/artclView.do,제5회 전남대학교 전국 중.고등학생 음악경연대회 세부 일정표개최일시 : 2013 09. 07(토)    부 문입실완료시간시작시간대기장소경연장소예    선피아노09:3010:003호관 109예향홀현 악 09:3010:003호관 1083호관 106관 악09:3010:003호관 1083호관 103성 악09:3010:003호관 2023호관 423본  선피아노13:0013:303호관 109예향홀현 악 13:0013:303호관 1083호관 106관 악13:0013:303호관 1083호관 103성 악13:0013:303호관 2023호관 423,2013-09-03 15:58:33.0
음학학과,"제 5회 전남대학교 전국 중,고등학생 음악 경연대회",https://music.jnu.ac.kr/bbs/music/1656/469373/artclView.do,* 참가신청http://altair.chonnam.ac.kr/~arts/html/20130813.html,2013-07-12 16:05:20.0
음학학과,2013학년도 2학기 음악학과 시간강사 모집공고,https://music.jnu.ac.kr/bbs/music/1656/469372/artclView.do,"2013학년도 2학기 음악학과 시간강사 모집공고 전남대학교 예술대학 음악학과에서 아래와 같이 강사를 초빙합니다.   1. 모집분야 : 관현악 (Violin, Trumpet, Bass Trombone)  2. 모집인원 : 전공별 각 O명  3. 초빙 후 담당교과목 : 전공실기 및 교과목                    ※ Trumpet 지원자는 관악합주 수업이 가능한 자에 한함  4. 전형방법 : 1차 - 서류전형 / 2차 - 면접 및 오디션 (관현악 : 자유곡 1곡) 5. 2차 전형 일정 : 6월 25일(화)",2013-06-10 10:14:34.0
음학학과,[채용공고]전남대학교 전임교원 특별채용 공고,https://music.jnu.ac.kr/bbs/music/1656/469371/artclView.do,"2013년도 상반기 전남대학교 전임교원 특별채용 공고   1. 초빙분야 및 인원대학학과초빙분야초빙인원최소자격요건예술대학음악학과성악(테너, 바리톤, 베이스)1최근 4년간 실기실적 500%  2. 지원 자격1) #65378;국가공무원법#65379;제33조에 정한 결격사유에 해당하지 않는 자2) #65378;교수자격기준 등에 관한 규정#65379;제2조 별표의 자격기준에 적합한 자3) 석사학위 취득 후 3년 이상의 교육경력 또는 연구경력이 있는 자4) 국내#8231;외 유수 콩쿨 입상 경력 및 전문 오페라단 주역 가수 경력이 있는 자5)",2013-05-15 18:00:51.0
음학학과,피아니스트 김정원 마스터클래스,https://music.jnu.ac.kr/bbs/music/1656/469370/artclView.do,"피아니스트 김정원 마스터클래스 개최  일시 : 2013년 4월 26일 (금) 오전 11시 장소 : 전남대학교 예술대학 예향홀   김정원- 빈 심포니, 체코 필하모닉, 린츠 브룩크너 오케스트라 ,독일 하노버 방송 교향악단(NDR), 독일 뉘른베르크 심포니, 부다페스트 국립 필하모닉, 프라하 라디오 심포니, 토론토 심포니, 덴마크 국립 방송 교향악단, 체코 야나첵 필하모닉, 독일 예나 필하모닉, 독일 카셀 국립 오케스트라, 북체코 국립 필하모닉, 나고야 필하모닉, 폴란드 루토슬라브스키 오케스트라 등 협연7- KBS교향악단, 서울시향,",2013-04-24 18:05:11.0
음학학과,예술대학 음악학과 제 21회 관현악 정기연주회 개최,https://music.jnu.ac.kr/bbs/music/1656/469369/artclView.do,"전남대학교 예술대학 음악학과제 21회 관현악 정기연주회   2013년 5월 1일(수) 오후 7:30 광주문화예술회관 대극장  전석 초대                        공연문의 : 530-3030, 0390                         많은 관심 부탁드립니다.",2013-04-24 09:39:07.0
음학학과,제 4회 전남대학교 음악경연대회 세부일정표,https://music.jnu.ac.kr/bbs/music/1656/469368/artclView.do,,2012-09-03 10:59:44.0
음학학과,제4회 전남대학교 전국 중.고등학생 음악경연대회 참가신청 안내,https://music.jnu.ac.kr/bbs/music/1656/469367/artclView.do,* 다수의 문의로 인하여 참가신청을 추가로 30일(목) 오후 6시까지 받습니다.  * 참가신청http://altair.chonnam.ac.kr/~arts/html/20120813_2.html,2012-08-10 15:21:11.0
음학학과,21012학년도 1학기 예술대학 음악학과 시간강사 모집공고,https://music.jnu.ac.kr/bbs/music/1656/469366/artclView.do,첨부파일을 참고하시기 바랍니다.,2011-11-21 09:44:18.0
음학학과,제3회 전국 중.고등학생 음악경연대회 참가신청 안내,https://music.jnu.ac.kr/bbs/music/1656/469365/artclView.do,아래 주소를 클릭하세요. http://web.chonnam.ac.kr/webApp/Concours2011/,2011-08-10 00:47:45.0
음학학과,2011년도 전남대학교 예술대학 음악학과 취업지원 인턴쉽,https://music.jnu.ac.kr/bbs/music/1656/469364/artclView.do,"1. 전남대학교 예술대학 음악학과에서 음악학과 학생들의 취업률을 개선하기 위해 취업률 향상과 관련된 프로그램을 추진하고자합니다. 2. 이와 관련하여 전남대학교 예술대학 음악학과 학생들이 현장실습을 통하여 추 후 취업에 대한 동기부여가 이루어질 수 있도록 다음과 같이 공고하오니 관심 있는 학생들의 많은 신청 바랍니다.   ◇ 다 음 ◇▷ 신청기간 : 2011년 7월 31일까지 ▷ 신청장소 : 음악학과실 (방문 및 전화 T. 530-3030, 0390) ▷ 대상기관 : 광주시립교향악단, 목포시립교향악단,",2011-07-18 18:55:08.0
음학학과,2011-2 실기분반 안내,https://music.jnu.ac.kr/bbs/music/1656/469363/artclView.do,첨부파일을 확인하시고 반드시 정해진 분반에 수강신청 하시기 바랍니다.,2011-07-14 19:16:18.0
음학학과,"2011 후기 종합시험, 외국어시험 안내",https://music.jnu.ac.kr/bbs/music/1656/469362/artclView.do,첨부파일을 참고하시기 바랍니다.,2011-07-06 19:14:02.0
음학학과,2011년도 2학기 시간강사 모집공고,https://music.jnu.ac.kr/bbs/music/1656/469361/artclView.do,첨부파일을 참고하시기 바랍니다.,2011-05-31 19:20:04.0
음학학과,2011년도 2학기 음악학과 교육공무원(조교) 모집 공고,https://music.jnu.ac.kr/bbs/music/1656/469360/artclView.do,첨부파일을 참고하시기 바랍니다.,2011-05-31 19:18:38.0
음학학과,제3회 전남대학교 전국 중.고등학생 음악경연대회,https://music.jnu.ac.kr/bbs/music/1656/469359/artclView.do,.,2011-05-24 10:42:41.0
음학학과,2011년도 대학생 해외 역사체험 학생 추천 (5월 11일까지 신청),https://music.jnu.ac.kr/bbs/music/1656/469358/artclView.do,.,2011-05-09 17:01:36.0
음학학과,"2011학년도 등록금 일람표(학부,대학원)",https://music.jnu.ac.kr/bbs/music/1656/469357/artclView.do,첨부파일을 참고하시기 바랍니다.,2011-03-09 15:22:50.0
음학학과,2011-1 실기 분반 안내,https://music.jnu.ac.kr/bbs/music/1656/469356/artclView.do,첨부파일을 확인하시고 반드시 정해진 분반에 수강신청 하시기 바랍니다.,2011-02-28 18:41:20.0
음학학과,2011학년도 신입생 오리엔테이션 안내,https://music.jnu.ac.kr/bbs/music/1656/469355/artclView.do,첨부파일을 참고하시기 바랍니다.,2011-02-07 10:33:48.0
음학학과,2011학년도 1학기 등록안내,https://music.jnu.ac.kr/bbs/music/1656/469354/artclView.do,첨부파일을 참고하시기 바랍니다.,2011-01-04 19:30:48.0
음학학과,2011학년도 전기 대학원 음악학과 실기고사 시행계획서 (일반전형),https://music.jnu.ac.kr/bbs/music/1656/469353/artclView.do,.,2010-12-07 15:20:24.0
음학학과,2011학년도 1학기 예술대학 음악학과 시간강사 모집공고,https://music.jnu.ac.kr/bbs/music/1656/469352/artclView.do,.,2010-10-29 15:41:07.0
음학학과,제2회 전남대학교 전국 중.고등학생 음악경연대회 심사결과,https://music.jnu.ac.kr/bbs/music/1656/469351/artclView.do,.,2010-09-13 16:50:45.0
음학학과,제2회 전남대학교 음악경연대회 고등부 작곡부문 수상자,https://music.jnu.ac.kr/bbs/music/1656/469350/artclView.do,.,2010-09-11 19:10:39.0
음학학과,제2회 전남대학교 음악경연대회 중등부 작곡부문 수상자,https://music.jnu.ac.kr/bbs/music/1656/469349/artclView.do,.,2010-09-11 19:08:02.0
음학학과,제2회 전남대학교 음악경연대회 중등부 금관부문 수상자,https://music.jnu.ac.kr/bbs/music/1656/469348/artclView.do,.,2010-09-11 16:37:18.0
음학학과,제2회 전남대학교 음악경연대회 중등부 목관부문 수상자,https://music.jnu.ac.kr/bbs/music/1656/469347/artclView.do,.,2010-09-11 16:36:37.0
음학학과,제2회 전남대학교 음악경연대회 중등부 현악2부문 수상자,https://music.jnu.ac.kr/bbs/music/1656/469346/artclView.do,.,2010-09-11 16:35:38.0
음학학과,제2회 전남대학교 음악경연대회 중등부 현악1부문 수상자,https://music.jnu.ac.kr/bbs/music/1656/469345/artclView.do,.,2010-09-11 16:34:17.0
음학학과,제2회 전남대학교 음악경연대회 고등부 피아노부문 수상자,https://music.jnu.ac.kr/bbs/music/1656/469344/artclView.do,.,2010-09-11 16:33:34.0
음학학과,제2회 전남대학교 음악경연대회 중등부 피아노부문 수상자,https://music.jnu.ac.kr/bbs/music/1656/469343/artclView.do,.,2010-09-11 16:32:52.0
음학학과,제2회 전남대학교 음악경연대회 고등부 금관 부문 수상자,https://music.jnu.ac.kr/bbs/music/1656/469342/artclView.do,.,2010-09-11 16:17:06.0
음학학과,제2회 전남대학교 음악경연대회 고등부 목관 부문 수상자,https://music.jnu.ac.kr/bbs/music/1656/469341/artclView.do,.,2010-09-11 16:16:35.0
음학학과,제2회 전남대학교 음악경연대회 고등부 현악 2부문 수상자,https://music.jnu.ac.kr/bbs/music/1656/469340/artclView.do,.,2010-09-11 16:04:16.0
음학학과,제2회 전남대학교 음악경연대회 고등부 현악 1부문 수상자,https://music.jnu.ac.kr/bbs/music/1656/469339/artclView.do,.,2010-09-11 16:03:29.0
음학학과,제2회 전남대학교 음악경연대회 중등부 성악부문 수상자,https://music.jnu.ac.kr/bbs/music/1656/469338/artclView.do,.,2010-09-11 15:34:08.0
음학학과,제2회 전남대학교 음악경연대회 고등부 성악부문 수상자,https://music.jnu.ac.kr/bbs/music/1656/469337/artclView.do,.,2010-09-11 15:33:17.0
음학학과,제2회 전남대학교 음악경연대회 고등부 성악부문 본선진출자,https://music.jnu.ac.kr/bbs/music/1656/469336/artclView.do,.,2010-09-11 14:33:10.0
음학학과,"제2회 전남대학교 음악경연대회 고등부 현악1, 2부문 본선진출자",https://music.jnu.ac.kr/bbs/music/1656/469335/artclView.do,.,2010-09-11 14:31:53.0
음학학과,제2회 전남대학교 음악경연대회 고등부 관악부문 본선진출자,https://music.jnu.ac.kr/bbs/music/1656/469334/artclView.do,.,2010-09-11 14:26:06.0
음학학과,제2회 전남대학교 음악경연대회 고등부 피아노부문 본선진출자,https://music.jnu.ac.kr/bbs/music/1656/469333/artclView.do,.,2010-09-11 14:23:44.0
음학학과,제2회 전남대학교 음악경연대회 중등부 성악부문 본선진출자,https://music.jnu.ac.kr/bbs/music/1656/469332/artclView.do,.,2010-09-11 14:21:33.0
음학학과,"제2회 전남대학교 음악경연대회 중등부 현악1, 2부문 본선진출자",https://music.jnu.ac.kr/bbs/music/1656/469331/artclView.do,.,2010-09-11 12:00:40.0
음학학과,제2회 전남대학교 음악경연대회 중등부 관악부문 본선진출자,https://music.jnu.ac.kr/bbs/music/1656/469330/artclView.do,.,2010-09-11 10:51:21.0
음학학과,제2회 전남대학교 음악경연대회 중등부 피아노부문 본선진출자,https://music.jnu.ac.kr/bbs/music/1656/469329/artclView.do,.,2010-09-11 10:18:25.0
음학학과,A.B. Posstansque 초청 관현악전공 Master Class,https://music.jnu.ac.kr/bbs/music/1656/469328/artclView.do,,2010-09-07 15:51:51.0
음학학과,제2회 전남대학교 전국 중.고등학생 음악경연대회 세부 일정,https://music.jnu.ac.kr/bbs/music/1656/469327/artclView.do,첨부파일을 참고하시기 바랍니다.,2010-09-02 19:35:40.0
음학학과,♬ 컴퓨터음악 여름캠프 ♬,https://music.jnu.ac.kr/bbs/music/1656/469326/artclView.do,"일 시 : 2010.08.23 (월) ~ 2010.08.27 (금) 9:30~17:00장 소 : 예3-301호 컴퓨터실준 비 물 : 교재, 필기도구참가신청 : 2010.08.13(금)부터 (선착순 20명)문의전화 : 062)530-0390* 8월 25일(수) 특강은 공개로 진행될 예정이오니 관심있는   분들의 많은 참여바라며 참여를 희망하시는 분들은 062)530-0390   으로 문의하여 주시기 바랍니다. 붙임. 1. 컴퓨터음악 여름캠프 시간표 1부.          2. 강사 프로필 1부.  끝.",2010-08-11 21:19:26.0
음학학과,'피아노 구조 및 관리' 수업 관련 공지,https://music.jnu.ac.kr/bbs/music/1656/469325/artclView.do,"'피아노 구조 및 관리' 수업과 관련하여 알려드립니다.이번학기에 교과과정이 개편되지 않아 '피아노 구조 및 관리'를 2010-1학기에 수강했던 학생이2010-2학기에 위 과목을 다시 수강하면 재수강이 되어 학점이 인정되지 않으니 수강신청시 유의하시기 바랍니다. 문의전화 062) 530-3030, 0390",2010-08-11 21:16:26.0
음학학과,2010-2 실기 분반 안내,https://music.jnu.ac.kr/bbs/music/1656/469324/artclView.do,"2010학년도 2학기 실기 수강신청과 관련하여 아래와 같이 알려드리오니 참고하시기 바랍니다.1. 재학생들은 첨부파일을 참고하시고 반드시 정해진 분반에 수강신청하시기 바랍니다.2. 복학생들은 2010.8.30-2010.8.31중에 복학생 실기분반을 공지할 예정이니 홈페이지를 확인한 후     수강신청 정정 기간(2010.09.01-2010.09.07)에 수강신청 하시기 바랍니다.    -    문의전화 : 062)530-3030, 0390",2010-08-10 14:38:38.0
음학학과,제2회 전남대학교 전국 중.고등학생 음악경연대회,https://music.jnu.ac.kr/bbs/music/1656/469323/artclView.do,,2010-05-26 17:41:11.0
음학학과,5. 18 30주년 음악제,https://music.jnu.ac.kr/bbs/music/1656/469322/artclView.do,,2010-05-14 13:46:14.0
음학학과,2010학년도 후기 대학원 음악학과 실기고사 시행계획서 (특별전형)-수정,https://music.jnu.ac.kr/bbs/music/1656/469321/artclView.do,첨부파일을 참고하시기 바랍니다.,2010-05-12 19:02:35.0
음학학과,2010학년도 2학기 시간강사 모집공고,https://music.jnu.ac.kr/bbs/music/1656/469320/artclView.do,첨부파일을 참조하시기 바랍니다.,2010-05-10 14:14:31.0
음학학과,2010학년도 미취업 대졸생 취업징검다리 프로그램 참가자 모집 안내,https://music.jnu.ac.kr/bbs/music/1656/469319/artclView.do,2010학년도 미취업 대졸생 취업징검다리 프로그램 참가자 모집을 위해 아래와 같이 안내하오니 많은 참여바랍니다. 가. 모집현황- 모집인원 : 100명- 프로그램 내용 : 취업교육 훈련 및 직장체험- 교육장소 : 취업지원과 강의실 등- 근무지 : 전남대학교 각 기관- 자격요건 : '09년 8월 ~ '10년 2월 본교졸업자 ('10년 2월 졸업자 우대) 나. 모집일정- 공고기간 : 2010. 4. 7(수) ~ 4.16(금)- 접수기간 : 2010. 4. 14(수) 09:00~ 4.16(금) 18:00- 접수방법 : E-mail 접수 (,2010-04-13 13:56:56.0
음학학과,2010.1 전공실기 분반,https://music.jnu.ac.kr/bbs/music/1656/469318/artclView.do,"첨부파일을 참고하시고반드시 정해진 분반에 수강신청 하시기 바랍니다.  문의전화 - 062)530-3030, 0390",2010-02-09 17:25:16.0
음학학과,2010학년도 등록금 일람표,https://music.jnu.ac.kr/bbs/music/1656/469317/artclView.do,참고하시기 바랍니다.,2010-02-03 15:35:09.0
음학학과,2010  목포시립예술단 신규단원 모집 공고,https://music.jnu.ac.kr/bbs/music/1656/469316/artclView.do,.,2010-02-02 11:49:56.0
음학학과,예비 기술창업자 육성사업 안내,https://music.jnu.ac.kr/bbs/music/1656/469315/artclView.do,"::: 예비 기술창업자 육성사업 안내 :::□ 사업개요#9702; 대학#8228;연구기관을 주관기관으로 하여 예비 기술창업자의 창업준비 활동자금 35~50백만원   (창업교육, 제품개발 및 재료 구입, 기술지도 등)을 지원□ 신청자격#9702; 사업 공고일을 기준으로 창업한지 6개월 이내인 자 또는 협약 종료일까지 창업을 완료할 수 있는 예비창업자   (교수, 연구원, 대학(원)생도 가능)□ 지원내용#9702; 정부지원금은 전체 사업비의 70% 이내에서 중점지원분야는 50백만원,    일반분야는 35백만원까지 지원하고, 나머지 비용",2010-02-01 14:33:28.0
음학학과,제91회 전국체육대회로고송 작곡 공모,https://music.jnu.ac.kr/bbs/music/1656/469314/artclView.do,"경상남도공고 제2010-50호 제91회 전국체육대회로고송 작곡 공모 2010년 10월 6일부터 10월 12일까지 7일간 경상남도에서 개최되는 제91회 전국체육대회 로고송 작곡을 아래와 같이 공모하오니 많은 참여 있으시기 바랍니다. 1. 응모기간 : 2010. 1. 20 ～ 2010. 2. 28(40일간) 2. 응모자격 : 전 국민 3. 응모내용 : 제91회 전국체육대회 로고송 작곡 가사 : 하나되어 다시뛰자, 경남에서 세계로! (※ 위의 가사에 곡을 붙여 주시기 바랍니다) #8729;개최지 경상남도의 진취적 기상과 미래의 밝은 희망",2010-02-01 09:23:13.0
음학학과,2010학년도 1학기 시간강사 모집공고,https://music.jnu.ac.kr/bbs/music/1656/469313/artclView.do,첨부파일을 참조하시기 바랍니다.,2009-11-24 09:38:45.0
음학학과,제25회 전남대학교 예술대학 음악학과 정기연주회,https://music.jnu.ac.kr/bbs/music/1656/469312/artclView.do,.,2009-11-09 15:28:45.0
음학학과,2010학년도 전기 대학원 특별전형 세부일정,https://music.jnu.ac.kr/bbs/music/1656/469311/artclView.do,.,2009-10-20 14:20:41.0
음학학과,"제1회 전남대학교 전국 중, 고등학생 음악경연대회 심사결과",https://music.jnu.ac.kr/bbs/music/1656/469310/artclView.do,첨부 파일을 참고하시기 바랍니다.,2009-09-05 21:52:37.0
음학학과,제1회 전남대학교 전국중 . 고등학생 음악경연대회 세부일정 공고,https://music.jnu.ac.kr/bbs/music/1656/469309/artclView.do,첨부파일을 참고하시기 바랍니다.,2009-08-27 13:28:44.0
음학학과,그린스타트-동국대학교 네오애드,https://music.jnu.ac.kr/bbs/music/1656/469308/artclView.do,C:Documents and Settingsmaria1212바탕 화면창작동요동화제이벤트페이지.html,2009-08-24 16:57:05.0
음학학과,2009. 2학기 실기 분반,https://music.jnu.ac.kr/bbs/music/1656/469307/artclView.do,.,2009-08-18 10:06:26.0
음학학과,2009학년도 석사자격시험-영어유형 공고,https://music.jnu.ac.kr/bbs/music/1656/469306/artclView.do,"2009학년도 석사자격시험-영어?xml:namespace prefix = o ns = ""urn:schemas-microsoft-com:office:office"" /     공통문제 (30~40% 예정) 1. 대부분의 영어자격시험의 Reading처럼 Text가 주어지고 그 내용을 이해하고 있는지 묻는 4지선다형 객관식 문제2. 문법과 회화를 바탕으로 한 4지선다형 및 단답형 문제    학과 별 문제 (60~70% 예정)학과 별로 전공과 관련된 Text 하나 또는 둘 국문번역-Wikipedia와 같은 백과사전 정도의 사조, 악기, 재",2009-08-05 14:20:59.0
음학학과,제1회 전남대학교 전국 중.고등학교 음악경연대회,https://music.jnu.ac.kr/bbs/music/1656/469305/artclView.do,,2009-05-14 10:51:27.0
음학학과,전남대학교 취업포털,https://music.jnu.ac.kr/bbs/music/1656/469304/artclView.do,취업관련하여 아래 사이트를 많이 이용해 주시기 바랍니다.  http://jobs.jnu.ac.kr,2009-04-20 14:38:27.0
음학학과,2009학년도 등록금 일람표,https://music.jnu.ac.kr/bbs/music/1656/469303/artclView.do,참고하시기 바랍니다.,2009-01-29 09:56:27.0
